<?xml version="1.0" encoding="UTF-8" standalone="yes"?>
<addon id="plugin.video.venom" version="3.6.5" name="[COLOR red]Venom[/COLOR]" provider-name="Venom">

	<requires>
		<import addon="xbmc.python" version="2.19.0"/>
		<import addon="script.module.requests" version="2.19.1"/>
		<import addon="script.module.beautifulsoup4" version="4.5.3"/>
		<import addon="script.module.metahandler" version="2.9.0"/>
		<import addon="plugin.video.youtube" version="6.2.0"/>
		<import addon="script.module.resolveurl" version="5.0.27"/>
		<import addon="script.module.openscrapers"/>
		<import addon="script.module.addon.signals" version="0.0.3"/>
		<import addon="context.venom" version="1.0.0"/>
	</requires>

	<extension point="xbmc.python.pluginsource" library="venom.py">
		<provides>video</provides>
	</extension>

	<extension point="xbmc.service" library="service.py" start="startup"/>
	<extension point="xbmc.python.module" library="resources/lib/"/>

	<extension point="xbmc.addon.metadata">
		<reuselanguageinvoker>false</reuselanguageinvoker> <!-- You can enable this if you want, expect some instability but much faster menu speeds -->
		<summary lang="en">[B][COLOR red]Venom[/COLOR][/B] - We do not host any of the contents streamed</summary>
		<description lang="en">[B][COLOR red]Venom[/COLOR][/B][CR] This addon does not form part of the Kodi Media Centre. Please do not seek assistance with this addon from any of the Official Kodi Support Channels.[CR]The author does not host any of the content in this addon and takes no responsibility for content found</description>
		<platform>all</platform>
		<license>GNU GENERAL PUBLIC LICENSE. Version 3, 29 June 2007</license>
		<forum/>
		<website>https://github.com/123Venom/plugin.video.venom</website>
		<source>https://github.com/123Venom/plugin.video.venom</source>
		<disclaimer lang="en">The author of this addon do not host any of the content which is found and have no affiliation with any of the content providers. This addon simply searches websites for content. Use at your own risk!</disclaimer>
		<assets>
			<icon>icon.png</icon>
			<fanart>fanart.jpg</fanart>
			<screenshot>resources/screenshots/screenshot001.jpg</screenshot>
			<screenshot>resources/screenshots/screenshot002.jpg</screenshot>
			<screenshot>resources/screenshots/screenshot003.jpg</screenshot>
		</assets>
		<news>
[B][COLOR red]Update - v3.6.5 - May 12, 2020[/COLOR][/B]
[COLOR yellow]--[/COLOR][I] Added new setting option to disable Cloudflare
    protected providers due to recent challenge failures.[/I]
[COLOR yellow]--[/COLOR][I] Reorganized all settings under "Source Options"
    to better follow the flow of scrapping from start to results.[/I]
[COLOR yellow]--[/COLOR][I] Changed all Source filtering options to be "Remove"
    options.  Previously options were "Enable" or "Remove"
    and this just seems to be cleaner.[/I]
[COLOR yellow]--[/COLOR][I] Added new setting option "Allow Rescrape to first
    clear item providers".  Previously Rescrape would only
    cache new providers and read in previously cached providers.
    Now you have the option to make Rescrape fully start from
    scratch for the selected item.  This option will only clear
    provider links for the item you are selecting, this is not a full "Clear
    Providers" built in function.[/I]
[COLOR yellow]--[/COLOR][I] Improved scrape time.[/I]
[COLOR yellow]--[/COLOR][I] Added IMDBNUMBER to episode InfoLabels for a4ksubtitles.[/I]
[COLOR yellow]--[/COLOR][I] Improved meta data handling to deal with TMDBHELPER's
    limited meta exchange.  Now the Venomplayer will look in
    the Venom cache and compare against the meta received
    from TMDBHELPER and use the larger of the two.[/I]
[COLOR yellow]--[/COLOR][I] Removed context menu "Clear All Cache" and replaced in
    movies and episodes with "Clear Providers".  Sorry
    folks but really frowning upon clearing of metacache.[/I]
[COLOR yellow]--[/COLOR][I] Submitted new player files to TMDBHELPER.  Now there is
    two.."Venom (Auto Play)" and 'Venom (Source Select)".
    be sure to update TMDBHELPER's players.[/I]
		</news>
	</extension>
</addon>
