<?xml version="1.0"?>
<addon id="plugin.video.venom" name="[COLOR red]Venom[/COLOR]" provider-name="Venom" version="4.2.7">
	<requires>
		<import addon="xbmc.python" version="2.19.0"/>
		<import addon="context.venom" version="1.0.0"/>
		<import addon="script.module.myaccounts" version="1.0.0"/>
		<import addon="script.module.fenomscrapers" version="1.0.0"/>
		<import addon="script.module.requests" version="2.19.1"/>
		<import addon="script.module.beautifulsoup4" version="4.5.3"/>
		<import addon="script.module.metahandler" version="2.9.0"/>
		<import addon="plugin.video.youtube" version="6.2.0"/>
		<import addon="script.module.addon.signals" version="0.0.3"/>
	</requires>
	<extension library="venom.py" point="xbmc.python.pluginsource">
		<provides>video</provides>
	</extension>
	<extension library="service.py" point="xbmc.service" start="startup"/>
	<extension library="resources/lib/" point="xbmc.python.module"/> 
	<extension point="xbmc.addon.metadata">
		<reuselanguageinvoker>true</reuselanguageinvoker>
		<summary lang="en">[B][COLOR red]Venom[/COLOR][/B] - We do not host any of the contents streamed</summary>
		<description lang="en">[B][COLOR red]Venom[/COLOR][/B][CR] This addon does not form part of the Kodi Media Centre. Please do not seek assistance with this addon from any of the Official Kodi Support Channels.[CR]The author does not host any of the content in this addon and takes no responsibility for content found</description>
		<platform>all</platform>
		<license>GNU GENERAL PUBLIC LICENSE. Version 3, 29 June 2007</license>
		<forum/>
		<website>https://github.com/123Venom/plugin.video.venom</website>
		<source>https://github.com/123Venom/plugin.video.venom</source>
		<disclaimer lang="en">The author of this addon do not host any of the content which is found and have no affiliation with any of the content providers. This addon simply searches websites for content. Use at your own risk!</disclaimer>
		<assets>
			<icon>icon.png</icon>
			<fanart>fanart.jpg</fanart>
			<screenshot>resources/screenshots/screenshot001.jpg</screenshot>
			<screenshot>resources/screenshots/screenshot002.jpg</screenshot>
			<screenshot>resources/screenshots/screenshot003.jpg</screenshot>
		</assets>
		<news>
[B][COLOR red]Update - v4.2.7 - Nov. 06, 2020[/COLOR][/B]
[COLOR yellow]--[/COLOR][I] Fixed TVShows Season level watched indicators.
    Previously the Season level did not refresh the cached
    watch status upon detection of a playcount change, this
    is now fixed.[/I]
[COLOR yellow]--[/COLOR][I] Added new startup service to detect a mismatch
    in the current reuselanguageinvoker setting vs. an update
    change.  Upon change detection user will be presented
    with the option to revert or accept the new setting.  Any
    change made and the users profile will be reloaded.
    There is no longer a need to restart Kodi as this is now
    done via reloading users profile.[/I]
[COLOR yellow]--[/COLOR][I] Added check for Google Drive account.  If present,
    and no debrid account exists, user will not longer be
    presented with a notification that a debrid account is
    required since these are direct playable links.[/I]
[COLOR yellow]--[/COLOR][I] New "traktSync.db" has been added. When user
    enables the "Trakt" category setting "Enable scrobbling",
    and also sets "Resume Point source" to "Trakt scrobbles",
    an initial sync will retrieve your complete Trakt Progress for
    all Movies and Shows.  At any time playback is stopped,
    before the normal 85% for "mark as watched", the
    scrobble pause will be saved to local db as well as sent
    to Trakt to maintain synchronization.  A service check is
    performed at 15 minute intervals to compare the latest
    "paused_at" db entry with that from the Trakt api.  This
    assures that another device in your home will get
    updated for changes.  This maintains sync across
    multiple devices.[/I]
[COLOR yellow]--[/COLOR][I] For the item above a new option has been added
    to the "Trakt Manager" called "Scrobble Reset".  This
    removes the given item from the local db and sends
    "progress=0" to Trakt "scrobble/start".  A 
    "container.refresh()" is then issued so 
    the changes are seen instantly.[/I]
		</news>
	</extension>
</addon>
