<?xml version="1.0" encoding="UTF-8"?>
<window>
    <defaultcontrol always="true">2002</defaultcontrol>
    <allowoverlay>no</allowoverlay>
    <controls>
        <control type="image">
            <left>0</left>
            <top>0</top>
            <width>1920</width>
            <height>1080</height>
            <fadetime>500</fadetime>
            <texture>common/black.png</texture>
            <animation type="conditional" condition="Control.HasFocus(2002)" reversible="true">
                <effect type="fade" start="0" end="75" time="0" />
            </animation>
        </control>
        <control type="group">
            <left>400</left>
            <top>350</top>
            <animation type="WindowOpen" reversible="false">
                <effect type="fade" start="0" end="100" time="200" tween="sine" easing="in" />
                <effect type="zoom" start="50" end="100" time="200" center="400,350" tween="quadratic" easing="out" />
            </animation>
            <animation type="WindowClose" reversible="false">
                <effect type="fade" end="0" start="100" time="200" tween="sine" easing="out" />
                <effect type="zoom" end="75" start="100" time="200" center="400,350" tween="quadratic" easing="in" />
            </animation>
            <control type="group">
                <width>500</width>
                <control type="image">
                    <height>110</height>
                    <texture colordiffuse="FF4a4347">common/white.png</texture>
                </control>
                <control type="image">
                    <height>100</height>
                    <texture colordiffuse="$INFO[Window().Property(tikiskins.results.context.highlight)]">common/white.png</texture>
                </control>
                <control type="image">
                    <left>15</left>
                    <top>15</top>
                    <width>70</width>
                    <height>70</height>
                    <align>left</align>
                    <aligny>top</aligny>
                    <aspectratio aligny="top">keep</aspectratio>
                    <texture>fen.png</texture>
                </control>
            </control>
            <control type="list" id="2002">
                <left>0</left>
                <top>110</top>
                <width>500</width>
                <height>450</height>
                <onup>2002</onup>
                <ondown>2002</ondown>
                <orientation>Vertical</orientation>
                <itemlayout height="90" width="500">
                    <control type="image">
                        <width>500</width>
                        <height>90</height>
                        <texture colordiffuse="FF4a4347">common/white.png</texture>
                    </control>
                    <control type="label">
                        <width max="450">auto</width>
                        <left>40</left>
                        <height>90</height>
                        <font>font12</font>
                        <textcolor>white</textcolor>
                        <align>center</align>
                        <aligny>center</aligny>
                        <label>[UPPERCASE]$INFO[ListItem.Property(tikiskins.results.context.label)][/UPPERCASE]</label>
                    </control>
                </itemlayout>
                <focusedlayout height="90" width="500">
                    <control type="image">
                        <left>0</left>
                        <top>0</top>
                        <width>720</width>
                        <height>90</height>
                        <texture>common/white.png</texture>
                    </control>
                    <control type="image">
                        <left>0</left>
                        <top>0</top>
                        <width>30</width>
                        <height>90</height>
                        <texture colordiffuse="$INFO[Window().Property(tikiskins.results.context.highlight)]">common/white.png</texture>
                    </control>
                    <control type="label">
                        <left>40</left>
                        <width max="450">auto</width>
                        <height>90</height>
                        <font>font12</font>
                        <textcolor>FF4a4347</textcolor>
                        <align>center</align>
                        <aligny>center</aligny>
                        <label>[UPPERCASE]$INFO[ListItem.Property(tikiskins.results.context.label)][/UPPERCASE]</label>
                    </control>
                </focusedlayout>
            </control>
        </control>
    </controls>
</window>
