<?xml version="1.0" encoding="UTF-8"?>
<window>
    <defaultcontrol always="true">5001</defaultcontrol>
    <allowoverlay>no</allowoverlay>
    <controls>
        <control type="image">
            <left>0</left>
            <top>0</top>
            <width>1920</width>
            <height>1080</height>
            <fadetime>500</fadetime>
            <texture>common/black.png</texture>
            <animation type="conditional" condition="Control.HasFocus(5001)" reversible="true">
                <effect type="fade" start="0" end="75" time="0" />
            </animation>
        </control>
        <control type="group">
            <left>340</left>
            <top>230</top>
            <control type="group">
                <width>1130</width>
                <control type="image">
                    <height>525</height>
                    <texture colordiffuse="FF4a4347">common/white.png</texture>
                </control>
                <control type="image">
                    <height>100</height>
                    <texture colordiffuse="royalblue">common/white.png</texture>
                </control>
                <control type="image">
                    <left>15</left>
                    <top>15</top>
                    <width>70</width>
                    <height>70</height>
                    <align>left</align>
                    <aligny>top</aligny>
                    <aspectratio aligny="top">keep</aspectratio>
                    <texture>fen.png</texture>
                </control>
            </control>
            <control type="image">
                <left>410</left>
                <top>110</top>
                <width>705</width>
                <height>405</height>
                <aspectratio>keep</aspectratio>
                <texture>$INFO[Container(5001).ListItem.Property(tikiskins.window.image)]</texture>
            </control>
            <control type="list" id="5001">
                <left>0</left>
                <top>135</top>
                <width>400</width>
                <height>360</height>
                <onup>5001</onup>
                <ondown>5001</ondown>
                <orientation>Vertical</orientation>
                <itemlayout height="90" width="400">
                    <control type="label">
                        <width max="320">auto</width>
                        <left>40</left>
                        <height>90</height>
                        <font>font12</font>
                        <textcolor>white</textcolor>
                        <align>center</align>
                        <aligny>center</aligny>
                        <label>[UPPERCASE]$INFO[ListItem.Property(tikiskins.window.name)][/UPPERCASE]</label>
                    </control>
                </itemlayout>
                <focusedlayout height="90" width="400">
                    <control type="image">
                        <width>720</width>
                        <height>90</height>
                        <texture>common/white.png</texture>
                    </control>
                    <control type="image">
                        <width>30</width>
                        <height>90</height>
                        <texture colordiffuse="royalblue">common/white.png</texture>
                    </control>
                    <control type="label">
                        <left>40</left>
                        <width max="320">auto</width>
                        <height>90</height>
                        <font>font12</font>
                        <textcolor>FF4a4347</textcolor>
                        <align>center</align>
                        <aligny>center</aligny>
                        <label>[UPPERCASE]$INFO[ListItem.Property(tikiskins.window.name)][/UPPERCASE]</label>
                    </control>
                </focusedlayout>
            </control>
        </control>
    </controls>
</window>
