<?xml version="1.0" encoding="UTF-8"?>
<window>
    <defaultcontrol always="true">2000</defaultcontrol>
    <allowoverlay>yes</allowoverlay>
    <controls>
        <control type="image">
            <left>0</left>
            <top>0</top>
            <width>1920</width>
            <height>1080</height>
            <fadetime>500</fadetime>
            <texture>common/black.png</texture>
            <animation effect="fade" start="0" end="100" time="300" tween="sine">WindowOpen</animation>
        </control>
        <control type="image">
            <left>0</left>
            <top>0</top>
            <width>1920</width>
            <height>1080</height>
            <fadetime>500</fadetime>
            <texture>$INFO[Window().Property(tikiskins.fanart)]</texture>
            <animation effect="fade" start="0" end="20" time="300" tween="sine">WindowOpen</animation>
        </control>
        <control type="image">
            <left>545</left>
            <top>460</top>
            <width>140</width>
            <height>140</height>
            <texture flipx="true" colordiffuse="FFFAFAFA">loading-spinner.png</texture>
            <visible>![Control.HasFocus(2000) | Control.HasFocus(2060)]</visible>
            <animation effect="fade" time="320" delay="400">Visible</animation>
            <animation effect="rotate" end="360" center="auto" time="1200" loop="true" reversible="false" condition="true">Conditional</animation>
            <animation effect="fade" start="70" time="1200" condition="true" pulse="true">Conditional</animation>
        </control>
        <control type="image">
            <left>35</left>
            <top>20</top>
            <width>60</width>
            <height>60</height>
            <aspectratio aligny="top">keep</aspectratio>
            <texture>fen.png</texture>
        </control>
        <control type="label">
            <left>100</left>
            <top>37</top>
            <width max="250">auto</width>
            <height>20</height>
            <font>font10</font>
            <textcolor>white</textcolor>
            <align>left</align>
            <aligny>center</aligny>
            <label>[UPPERCASE]$INFO[Window().Property(tikiskins.total_results)] $ADDON[plugin.video.fen 32139][/UPPERCASE]</label>
            <animation effect="fade" start="0" end="100" time="300" tween="sine">WindowOpen</animation>
        </control>
        <control type="image">
            <left>1395</left>
            <top>100</top>
            <width>486</width>
            <height>729</height>
            <aspectratio aligny="top">keep</aspectratio>
            <fadetime>500</fadetime>
            <texture background="true">$INFO[Window().Property(tikiskins.poster)]</texture>
            <animation effect="fade" start="0" end="100" time="300" tween="sine">WindowOpen</animation>
        </control>
        <control type="textbox">
            <left>1395</left>
            <top>855</top>
            <width>486</width>
            <height>185</height>
            <font>font12</font>
            <align>justify</align>
            <aligny>top</aligny>
            <label>$INFO[Window().Property(tikiskins.plot)]</label>
            <textcolor>white</textcolor>
            <selectedcolor>white</selectedcolor>
            <autoscroll time="2000" delay="5500" repeat="5000"></autoscroll>
        </control>
        <control type="fixedlist" id="2000">
            <pagecontrol>2060</pagecontrol>
            <left>35</left>
            <top>85</top>
            <width>1300</width>
            <height>960</height>
            <onup>2000</onup>
            <ondown>2000</ondown>
            <onright>2060</onright>
            <animation effect="fade" start="0" end="100" time="300" tween="sine">WindowOpen</animation>
            <scrolltime tween="sine">200</scrolltime>
            <orientation>Vertical</orientation>
            <focusposition>3</focusposition>
            <movement>4</movement>
            <itemlayout height="120" width="1300">
                <control type="image">
                    <left>0</left>
                    <top>15</top>
                    <width>1300</width>
                    <height>110</height>
                    <texture colordiffuse="FF4a4347">common/white.png</texture>
                </control>
                <control type="group">
                    <height max="100">auto</height>
                    <width max="160">auto</width>
                    <top>35</top>
                    <left>20</left>
                    <visible>String.IsEmpty(ListItem.Property(tikiskins.perform_full_search))</visible>
                    <control type="label">
                        <font>font14</font>
                        <align>left</align>
                        <aligny>bottom</aligny>
                        <label>[COLOR $INFO[ListItem.Property(tikiskins.highlight)]][B]$INFO[ListItem.Property(tikiskins.quality)][/B][/COLOR]</label>
                    </control>
                    <control type="label">
                        <top>35</top>
                        <font>font10</font>
                        <align>left</align>
                        <aligny>top</aligny>
                        <label>[COLOR $INFO[ListItem.Property(tikiskins.highlight)]][B]$INFO[ListItem.Property(tikiskins.provider)][/B][/COLOR]</label>
                    </control>
                </control>
                <control type="label">
                    <top>30</top>
                    <left>210</left>
                    <width max="1070">auto</width>
                    <height>12</height>
                    <font>font12</font>
                    <textcolor>white</textcolor>
                    <align>left</align>
                    <aligny>center</aligny>
                    <label>[UPPERCASE][COLOR $INFO[ListItem.Property(tikiskins.highlight)]][B]$ADDON[plugin.video.fen 32584]: [/B][/COLOR]$INFO[ListItem.Property(tikiskins.size_label)]     [COLOR $INFO[ListItem.Property(tikiskins.highlight)]][B]$ADDON[plugin.video.fen 33031]: [/B][/COLOR]$INFO[ListItem.Property(tikiskins.source_type)]     [COLOR $INFO[ListItem.Property(tikiskins.highlight)]][B]$ADDON[plugin.video.fen 32100]: [/B][/COLOR]$INFO[ListItem.Property(tikiskins.source_site)][/UPPERCASE]</label>
                    <visible>String.IsEmpty(ListItem.Property(tikiskins.perform_full_search))</visible>
                </control>
                <control type="label">
                    <top>62</top>
                    <left>210</left>
                    <width max="1070">auto</width>
                    <height>12</height>
                    <font>font12</font>
                    <textcolor>white</textcolor>
                    <align>left</align>
                    <aligny>center</aligny>
                    <label>[UPPERCASE][COLOR $INFO[ListItem.Property(tikiskins.highlight)]][B]$ADDON[plugin.video.fen 32605]: [/B][/COLOR]$INFO[ListItem.Property(tikiskins.extra_info)][/UPPERCASE]</label>
                    <visible>String.IsEmpty(ListItem.Property(tikiskins.perform_full_search))</visible>
                </control>
                <control type="label">
                    <top>94</top>
                    <left>210</left>
                    <width max="1070">auto</width>
                    <height>12</height>
                    <font>font12</font>
                    <textcolor>white</textcolor>
                    <align>left</align>
                    <aligny>center</aligny>
                    <label>[UPPERCASE][COLOR $INFO[ListItem.Property(tikiskins.highlight)]][B]$ADDON[plugin.video.fen 32228]: [/B][/COLOR]$INFO[ListItem.Property(tikiskins.count)] $INFO[ListItem.Property(tikiskins.name)][/UPPERCASE]</label>
                    <visible>String.IsEmpty(ListItem.Property(tikiskins.perform_full_search))</visible>
                </control>
                <control type="image">
                    <height max="180">auto</height>
                    <width max="180">auto</width>
                    <top>-20</top>
                    <left>-20</left>
                    <align>left</align>
                    <aligny>top</aligny>
                    <texture>common/forward_arrow.png</texture>
                    <visible>!String.IsEmpty(ListItem.Property(tikiskins.perform_full_search))</visible>
                </control>
                <control type="label">
                    <top>50</top>
                    <left>210</left>
                    <width max="860">auto</width>
                    <height>40</height>
                    <font>font14</font>
                    <textcolor>FF9c9a9b</textcolor>
                    <align>center</align>
                    <aligny>center</aligny>
                    <label>$INFO[ListItem.Property(tikiskins.start_full_scrape)]</label>
                    <visible>!String.IsEmpty(ListItem.Property(tikiskins.perform_full_search))</visible>
                </control>
            </itemlayout>
            <focusedlayout height="120" width="1300">
                <control type="group">
                    <top>15</top>
                    <height>110</height>
                    <animation effect="fade" start="100" end="60" time="0" condition="!Control.HasFocus(2000)">Conditional</animation>
                    <control type="image">
                        <width>200</width>
                        <texture colordiffuse="$INFO[ListItem.Property(tikiskins.highlight)]">common/white.png</texture>
                    </control>
                    <control type="image">
                        <left>200</left>
                        <width>1100</width>
                        <texture>common/white.png</texture>
                    </control>
                </control>
                <control type="group">
                    <height max="100">auto</height>
                    <width max="160">auto</width>
                    <top>35</top>
                    <left>20</left>
                    <visible>String.IsEmpty(ListItem.Property(tikiskins.perform_full_search))</visible>
                    <control type="label">
                        <font>font14</font>
                        <textcolor>FF4a4347</textcolor>
                        <align>left</align>
                        <aligny>bottom</aligny>
                        <label>[B]$INFO[ListItem.Property(tikiskins.quality)][/B]</label>
                    </control>
                    <control type="label">
                        <top>35</top>
                        <font>font10</font>
                        <textcolor>FF4a4347</textcolor>
                        <align>left</align>
                        <aligny>top</aligny>
                        <label>[B]$INFO[ListItem.Property(tikiskins.provider)][/B]</label>
                    </control>
                </control>
                <control type="label">
                    <top>30</top>
                    <left>210</left>
                    <width max="1070">auto</width>
                    <height>12</height>
                    <font>font12</font>
                    <textcolor>FF4a4347</textcolor>
                    <align>left</align>
                    <aligny>center</aligny>
                    <label>[UPPERCASE][COLOR $INFO[ListItem.Property(tikiskins.highlight)]][B]$ADDON[plugin.video.fen 32584]: [/B][/COLOR]$INFO[ListItem.Property(tikiskins.size_label)]     [COLOR $INFO[ListItem.Property(tikiskins.highlight)]][B]$ADDON[plugin.video.fen 33031]: [/B][/COLOR]$INFO[ListItem.Property(tikiskins.source_type)]     [COLOR $INFO[ListItem.Property(tikiskins.highlight)]][B]$ADDON[plugin.video.fen 32100]: [/B][/COLOR]$INFO[ListItem.Property(tikiskins.source_site)][/UPPERCASE]</label>
                    <visible>String.IsEmpty(ListItem.Property(tikiskins.perform_full_search))</visible>
                </control>
                <control type="label">
                    <top>62</top>
                    <left>210</left>
                    <width max="1070">auto</width>
                    <height>12</height>
                    <font>font12</font>
                    <textcolor>FF4a4347</textcolor>
                    <align>left</align>
                    <aligny>center</aligny>
                    <label>[UPPERCASE][COLOR $INFO[ListItem.Property(tikiskins.highlight)]][B]$ADDON[plugin.video.fen 32605]: [/B][/COLOR]$INFO[ListItem.Property(tikiskins.extra_info)][/UPPERCASE]</label>
                    <visible>String.IsEmpty(ListItem.Property(tikiskins.perform_full_search))</visible>
                </control>
                <control type="label">
                    <top>94</top>
                    <left>210</left>
                    <width max="1070">auto</width>
                    <height>12</height>
                    <font>font12</font>
                    <textcolor>FF4a4347</textcolor>
                    <align>left</align>
                    <aligny>center</aligny>
                    <label>[UPPERCASE][COLOR $INFO[ListItem.Property(tikiskins.highlight)]][B]$ADDON[plugin.video.fen 32228]: [/B][/COLOR]$INFO[ListItem.Property(tikiskins.count)] $INFO[ListItem.Property(tikiskins.name)][/UPPERCASE]</label>
                    <visible>String.IsEmpty(ListItem.Property(tikiskins.perform_full_search))</visible>
                </control>
                <control type="image">
                    <height max="180">auto</height>
                    <width max="180">auto</width>
                    <top>-20</top>
                    <left>-20</left>
                    <align>left</align>
                    <aligny>top</aligny>
                    <texture colordiffuse="FF4a4347">common/forward_arrow.png</texture>
                    <visible>!String.IsEmpty(ListItem.Property(tikiskins.perform_full_search))</visible>
                </control>
                <control type="label">
                    <top>50</top>
                    <left>210</left>
                    <width max="860">auto</width>
                    <height>40</height>
                    <font>font14</font>
                    <textcolor>FF4a4347</textcolor>
                    <align>center</align>
                    <aligny>center</aligny>
                    <label>$INFO[ListItem.Property(tikiskins.start_full_scrape)]</label>
                    <visible>!String.IsEmpty(ListItem.Property(tikiskins.perform_full_search))</visible>
                </control>
            </focusedlayout>
        </control>
        <control type="scrollbar" id="2060">
            <top>95</top>
            <left>1350</left>
            <width>30</width>
            <height>955</height>
            <texturesliderbackground border="15">scrollbars/scrollbaruni-bg.png</texturesliderbackground>
            <texturesliderbar border="15">scrollbars/scrollbaruni-bar.png</texturesliderbar>
            <texturesliderbarfocus colordiffuse="FF9c9a9b" border="15">scrollbars/scrollbaruni-bar-focus.png</texturesliderbarfocus>
            <textureslidernib>scrollbars/scrollbaruni-nib.png</textureslidernib>
            <textureslidernibfocus>scrollbars/scrollbaruni-nib.png</textureslidernibfocus>
            <onleft>2000</onleft>
            <onright>2000</onright>
            <showonepage>false</showonepage>
            <orientation>vertical</orientation>
            <visible>Control.IsVisible(2000)</visible>
        </control>
    </controls>
</window>
