<?xml version="1.0"?>
<addon id="plugin.video.venom" name="[COLOR red]Venom[/COLOR]" provider-name="Venom" version="5.1.0">
	<requires>
		<import addon="context.venom"/>
		<import addon="script.module.myaccounts"/>
		<import addon="script.module.fenomscrapers"/>
		<import addon="script.module.requests"/>
		<import addon="script.module.beautifulsoup4"/>
		<import addon="script.module.metahandler" optional="true"/>
		<import addon="plugin.video.youtube" optional="true"/>
		<import addon="script.module.addon.signals" optional="true"/>
	</requires>
	<extension library="venom.py" point="xbmc.python.pluginsource">
		<provides>video</provides>
	</extension>
	<extension library="service.py" point="xbmc.service" start="startup"/>
	<extension library="resources/lib/" point="xbmc.python.module"/> 
	<extension point="xbmc.addon.metadata">
		<reuselanguageinvoker>true</reuselanguageinvoker>
		<summary lang="en">[B][COLOR red]Venom[/COLOR][/B] - We do not host any of the contents streamed</summary>
		<description lang="en">[B][COLOR red]Venom[/COLOR][/B][CR] This addon does not form part of the Kodi Media Centre. Please do not seek assistance with this addon from any of the Official Kodi Support Channels.[CR]The author does not host any of the content in this addon and takes no responsibility for content found</description>
		<platform>all</platform>
		<license>GNU GENERAL PUBLIC LICENSE. Version 3, 29 June 2007</license>
		<forum/>
		<website>https://github.com/123Venom/plugin.video.venom</website>
		<source>https://github.com/123Venom/plugin.video.venom</source>
		<disclaimer lang="en">The author of this addon does not host any of the content which is found and have no affiliation with any of the content providers. This addon simply searches websites for content. Use at your own risk!</disclaimer>
		<assets>
			<icon>icon.png</icon>
			<fanart>fanart.jpg</fanart>
			<screenshot>resources/screenshots/screenshot001.jpg</screenshot>
			<screenshot>resources/screenshots/screenshot002.jpg</screenshot>
			<screenshot>resources/screenshots/screenshot003.jpg</screenshot>
		</assets>
		<news>
[B][COLOR red]Update - v5.1.0 - June 02, 2021[/COLOR][/B]
[COLOR yellow]--[/COLOR][I] New Windows xml style Source Select.[/I]
[COLOR yellow]--[/COLOR][I] Dialog Source Select has been removed from settings.  The options are now only
    "Source Select (Window xml skin)" or "AutoPlay".[/I]
[COLOR yellow]--[/COLOR][I] Due to the changes above it is important that you open Venom's settings and set the option
    for "Default movie/episode) select action".  This has a new ID and is need to be saved to
    the userdata settings.xml.[/I]
[COLOR yellow]--[/COLOR][I] Color settings for torrents, hosters, and direct links has been removed in favor of the contrast skin
    theme chosen.  I may listen to a few small tweaks of this.[/I]
[COLOR yellow]--[/COLOR][I] TMDb Helper will need updated player files if you are using that.  They will be available shortly.[/I]
[COLOR yellow]--[/COLOR][I] A complete new system has been added for meta retrieval during the scrape process to satisfy
    the required artwork for the skin.  From widgets, or inside Venom, there will be no overhead
    added as the needed meta is already available.  If you are a library user the needed meta is
    now pulled from the Kodi db so I encourage you to use the TMDb scraper, from the official
    Kodi repo, and enable fanart.tv for the extended artwork, which I pull out of the db during
    this process.[/I]
		</news>
	</extension>
</addon>
