<?xml version="1.0"?>
<addon id="plugin.video.venom" name="[COLOR red]Venom[/COLOR]" provider-name="Venom" version="5.0.3">
	<requires>
		<import addon="context.venom"/>
		<import addon="script.module.myaccounts"/>
		<import addon="script.module.fenomscrapers"/>
		<import addon="script.module.requests"/>
		<import addon="script.module.beautifulsoup4"/>
		<import addon="script.module.metahandler" optional="true"/>
		<import addon="plugin.video.youtube" optional="true"/>
		<import addon="script.module.addon.signals" optional="true"/>
	</requires>
	<extension library="venom.py" point="xbmc.python.pluginsource">
		<provides>video</provides>
	</extension>
	<extension library="service.py" point="xbmc.service" start="startup"/>
	<extension library="resources/lib/" point="xbmc.python.module"/> 
	<extension point="xbmc.addon.metadata">
		<reuselanguageinvoker>true</reuselanguageinvoker>
		<summary lang="en">[B][COLOR red]Venom[/COLOR][/B] - We do not host any of the contents streamed</summary>
		<description lang="en">[B][COLOR red]Venom[/COLOR][/B][CR] This addon does not form part of the Kodi Media Centre. Please do not seek assistance with this addon from any of the Official Kodi Support Channels.[CR]The author does not host any of the content in this addon and takes no responsibility for content found</description>
		<platform>all</platform>
		<license>GNU GENERAL PUBLIC LICENSE. Version 3, 29 June 2007</license>
		<forum/>
		<website>https://github.com/123Venom/plugin.video.venom</website>
		<source>https://github.com/123Venom/plugin.video.venom</source>
		<disclaimer lang="en">The author of this addon do not host any of the content which is found and have no affiliation with any of the content providers. This addon simply searches websites for content. Use at your own risk!</disclaimer>
		<assets>
			<icon>icon.png</icon>
			<fanart>fanart.jpg</fanart>
			<screenshot>resources/screenshots/screenshot001.jpg</screenshot>
			<screenshot>resources/screenshots/screenshot002.jpg</screenshot>
			<screenshot>resources/screenshots/screenshot003.jpg</screenshot>
		</assets>
		<news>
[B][COLOR red]Update - v5.0.3 - May 02, 2021[/COLOR][/B]
[COLOR yellow]--[/COLOR][I] Added "item.setProperty ('SpecialSort', 'bottom')" to all Next items for
    skins supporting a random sort order and keeping the Next
    indicator at the bottom of the list items.[/I]
[COLOR yellow]--[/COLOR][I] Fixed "Upcoming Progress" list item not displayed when the premiered
    date matched your system date.  Now the Trakt air time for
    the given day is taken into account.  If your system clock is
    less than the episode air time then the item is now considered
    unaired and displayed.[/I]
[COLOR yellow]--[/COLOR][I] Fixed "Progress" list item not displayed when the premiered date
    matched your system date. Now the Trakt air time for the given
    day is taken into account. If your system clock is greater than
    the episode air time then the item is now considered
    aired and displayed.[/I]
[COLOR yellow]--[/COLOR][I] Added setting to "prepend premiered date" to Upcoming Episodes".
    See help file beneath setting in Trakt category for more info[/I]
[COLOR yellow]--[/COLOR][I] Fixed Search where random phrases may return multiple same title
    cases.  This occurred  where Trakt id lookup may return similar
    titles that were in base search request.  This match is now
    resolved to show the main returned item[/I]
[COLOR yellow]--[/COLOR][I] Trakt history for Movies and Episodes is now paginated to 40 items
    per page allowing full advancement to your complete history.
    The Trakt date with utc timestamp is appended to label.[/I]
[COLOR yellow]--[/COLOR][I] Fixed ".setProperties()" issue breaking Kodi 17.[/I]
		</news>
	</extension>
</addon>
