<?xml version="1.0" encoding="UTF-8" standalone="yes"?>
<addon id="context.venom" version="1.1.0" name="Venom - Global Context Menu Items" provider-name="Venom">
	<requires>
		<import addon="xbmc.python" version="2.23.0"/>
		<import addon="script.module.requests" version="2.19.1"/>
	</requires>
	<extension point="kodi.context.item">
		<menu id="kodi.core.main">
			<item library="contextSettings.py">
				<label>[B][COLOR red]Venom[/COLOR][/B] - CM Settings</label>
				<visible>
					!String.IsEmpty(Window(home).Property(context.venom.settings)) +
					String.StartsWith(ListItem.path,plugin://plugin.video.venom/) +
					String.IsEqual(ListItem.Property(isVenom_widget),true)
				</visible>
			</item>
			<item library="traktManager.py">
				<label>[B][COLOR red]Venom[/COLOR][/B] - Trakt Manager</label>
				<visible>
					!String.IsEmpty(Window(home).Property(context.venom.traktManager)) +
					String.StartsWith(ListItem.path,plugin://plugin.video.venom/) +
					String.IsEqual(ListItem.Property(isVenom_widget),true) +
					[String.IsEqual(ListItem.dbtype,episode) | String.IsEqual(ListItem.dbtype,tvshow) | String.IsEqual(ListItem.dbtype,season) | String.IsEqual(ListItem.dbtype,movie)]
				</visible>
			</item>
			<item library="clearProviders.py">
				<label>[B][COLOR red]Venom[/COLOR][/B] - Clear Providers</label>
				<visible>
					!String.IsEmpty(Window(home).Property(context.venom.clearProviders)) +
					String.StartsWith(ListItem.FolderPath,plugin://plugin.video.venom/?action=play) +
					String.IsEqual(ListItem.Property(isVenom_widget),true) +
					[String.IsEqual(ListItem.dbtype,episode) | String.IsEqual(ListItem.dbtype,movie)]
				</visible>
			</item>
			<item library="clearBookmark.py">
				<label>[B][COLOR red]Venom[/COLOR][/B] - Clear Item Bookmark</label>
				<visible>
					!String.IsEmpty(Window(home).Property(context.venom.clearBookmark)) +
					String.StartsWith(ListItem.FolderPath,plugin://plugin.video.venom/?action=play) +
					String.IsEqual(ListItem.Property(isVenom_widget),true) +
<!-- 					!String.IsEqual(ListItem.Property(resumetime),0) + -->
					!String.IsEqual(ListItem.Property(venom_resumetime),0) +
					[String.IsEqual(ListItem.dbtype,episode) | String.IsEqual(ListItem.dbtype,movie)]
				</visible>
			</item>
			<item library="rescrape.py">
				<label>[B][COLOR red]Venom[/COLOR][/B] - Rescrape Item</label>
				<visible>
					!String.IsEmpty(Window(home).Property(context.venom.rescrape)) +
					String.StartsWith(ListItem.FolderPath,plugin://plugin.video.venom/?action=play) +
					String.IsEqual(ListItem.Property(isVenom_widget),true) +
					[String.IsEqual(ListItem.dbtype,episode) | String.IsEqual(ListItem.dbtype,movie)]

<!-- Future for Library CM to Rescrape -->
<!-- 					!String.IsEmpty(Window(home).Property(context.venom.rescrape)) +
					[String.Contains(ListItem.Path,plugin.video.venom) + String.IsEqual(ListItem.FileExtension,strm) | String.StartsWith(ListItem.FolderPath,plugin://plugin.video.venom/?action=play)] +
					[String.IsEqual(ListItem.dbtype,episode) | String.IsEqual(ListItem.dbtype,movie)] -->
				</visible>
			</item>
			<item library="playFromHere.py">
				<label>[B][COLOR red]Venom[/COLOR][/B] - Play from here</label>
				<visible>
					!String.IsEmpty(Window(home).Property(context.venom.playFromHere)) +
					String.StartsWith(ListItem.path,plugin://plugin.video.venom/) +
					String.IsEqual(ListItem.Property(isVenom_widget),true) +
					String.IsEqual(ListItem.dbtype,episode)
				</visible>
			</item>
			<item library="autoPlay.py">
				<label>[B][COLOR red]Venom[/COLOR][/B] - Auto Play</label>
				<visible>
					String.IsEmpty(Window(home).Property(plugin.video.venom.autoPlay)) +
					!String.IsEmpty(Window(home).Property(context.venom.autoPlay)) +
					String.StartsWith(ListItem.FolderPath,plugin://plugin.video.venom/?action=play) +
					String.IsEqual(ListItem.Property(isVenom_widget),true) +
					[String.IsEqual(ListItem.dbtype,episode) | String.IsEqual(ListItem.dbtype,movie)]
				</visible>
			</item>
			<item library="sourceSelect.py">
				<label>[B][COLOR red]Venom[/COLOR][/B] - Source Select</label>
				<visible>
					!String.IsEmpty(Window(home).Property(plugin.video.venom.autoPlay)) +
					!String.IsEmpty(Window(home).Property(context.venom.sourceSelect)) +
					String.StartsWith(ListItem.FolderPath,plugin://plugin.video.venom/?action=play) +
					String.IsEqual(ListItem.Property(isVenom_widget),true) +
					[String.IsEqual(ListItem.dbtype,episode) | String.IsEqual(ListItem.dbtype,movie)]
				</visible>
			</item>
			<item library="findSimilar.py">
				<label>[B][COLOR red]Venom[/COLOR][/B] - Find Similar</label>
				<visible>
					!String.IsEmpty(Window(home).Property(context.venom.findSimilar)) +
					String.StartsWith(ListItem.path,plugin://plugin.video.venom/) +
					String.IsEqual(ListItem.Property(isVenom_widget),true) +
					[String.IsEqual(ListItem.dbtype,tvshow) | String.IsEqual(ListItem.dbtype,movie)]
				</visible>
			</item>
			<item library="browseSeries.py">
				<label>[B][COLOR red]Venom[/COLOR][/B] - Browse Series</label>
				<visible>
					!String.IsEmpty(Window(home).Property(context.venom.browseSeries)) +
					String.StartsWith(ListItem.path,plugin://plugin.video.venom/) +
					String.IsEqual(ListItem.Property(isVenom_widget),true) +
					[String.IsEqual(ListItem.dbtype,episode) | String.IsEqual(ListItem.dbtype,tvshow)]
				</visible>
			</item>
			<item library="browseEpisodes.py">
				<label>[B][COLOR red]Venom[/COLOR][/B] - Browse Episodes</label>
				<visible>
					!String.IsEmpty(Window(home).Property(context.venom.browseEpisodes)) +
					String.StartsWith(ListItem.path,plugin://plugin.video.venom/) +
					String.IsEqual(ListItem.Property(isVenom_widget),true) +
					String.IsEqual(ListItem.dbtype,episode)
				</visible>
			</item>
		</menu>
	</extension>
	<extension point="xbmc.service" library="service.py"/>
	<extension point="xbmc.addon.metadata">
		<summary lang="en">Venom - This Addon is currently in beta. Please be aware there may be bugs present</summary>
		<description lang="en">Adds Global Contextual Menu Items for Venom menu items throughout Kodi</description>
		<platform>all</platform>
		<license>GNU GENERAL PUBLIC LICENSE. Version 3, 29 June 2007</license>
		<forum/>
		<website>https://github.com/123Venom/context.venom</website>
		<source>https://github.com/123Venom/context.venom</source>
		<disclaimer lang="en"/>
		<assets>
			<icon>icon.png</icon>
			<fanart>fanart.jpg</fanart>
			<screenshot/>
		</assets>
		<news>
[B][COLOR red]Update - v1.1.0 - Oct. 05, 2020[/COLOR][/B]
[COLOR yellow]--[/COLOR][I] Service module cleanup.[/I]
[COLOR yellow]--[/COLOR][I] Changed to new fanart.[/I]
		</news>
	</extension>
</addon>
