<?xml version="1.0" encoding="utf-8" standalone="yes"?>
<settings>
    <!-- General -->
    <category label="32001">
        <setting label="32001" type="lsep" />
        <setting id="choice.general" label="32245" type="enum" default="0" lvalues="32002|32016|32034|32100|32101|32046" />
        <setting type="sep" />
        <!-- Appearance -->
        <setting id="settings_layout" type="action" label="32003" default="Basic" action="RunPlugin(plugin://plugin.video.fen/?mode=switch_settings_choice)" option="close" visible="eq(-2,0)" />
        <setting id="fen.theme" label="32004" type="enum" default="0" lvalues="32005|32006" visible="eq(-3,0)" />
        <setting id="unaired_episode_colour" type="action" label="32007" default="red" visible="eq(-4,0)" action="RunPlugin(plugin://plugin.video.fen/?mode=unaired_episode_color_choice)" />
        <setting id="show_specials" type="bool" label="32008" default="false" visible="eq(-5,0)" />
        <setting id="default_all_episodes" label="32009" type="enum" default="0" lvalues="32031|32032|32033" visible="eq(-6,0)" />
        <setting id="use_season_title" type="bool" label="32010" default="false" visible="eq(-7,0)" enable="!eq(-1,2)" />
        <setting id="all_trailers" type="bool" label="32011" default="false" visible="eq(-8,0)" />
        <setting id="disable_changelog_popup" type="bool" label="32012" default="false" visible="eq(-9,0)" />
        <!-- Navigation -->
        <setting id="auto_start_fen" type="bool" label="32017" default="false" visible="eq(-10,1)" />
        <setting id="cache_browsed_page" type="bool" label="32018" default="false" visible="eq(-11,1)" />
        <setting id="paginate.lists" type="bool" label="32019" default="false" visible="eq(-12,1)" />
        <setting id="page_limit" label="32020" type="slider" default="20" range="5,1,100" option="int" visible="eq(-13,1)+eq(-1,true)" subsetting="true" />
        <setting id="nav_jump" label="32021" type="enum" default="0" lvalues="32022|32023" visible="eq(-14,1)+eq(-3,false)+eq(-2,true)" subsetting="true" />
        <setting id="nav_jump_dummy" label="32021" type="enum" default="0" lvalues="32022" visible="eq(-15,1)+eq(-4,true)+eq(-3,true)" subsetting="true" />
        <setting id="ignore_articles" type="bool" label="32025" default="true" visible="eq(-16,1)" />
        <setting id="default_openinfo" label="32026" type="enum" default="0" lvalues="32027|32028|32029|32030" visible="eq(-17,1)" />
        <!-- Watched Indicators -->
        <setting id="trakt_indicators_active" type="text" label="trakt_indicators_active" default="false" visible="false" />
        <setting id="watched_indicators" type="enum" lvalues="32036|32037" label="32035" default="0" visible="eq(-19,2)+eq(-1,true)" />
        <setting id="sync_fen_watchstatus" type="bool" label="32038" default="false" subsetting="true" visible="eq(-20,2)+eq(-1,1)" />
        <setting id="indicators_amble" label="32039" type="text" default="" visible="eq(-21,2)+eq(-3,false)" enable="false" />
        <setting id="sync_kodi_library_watchstatus" type="bool" label="32040" default="false" visible="eq(-22,2)" />
        <setting id="resume.threshold" label="32041" type="slider" default="2" range="1,1,50" option="int" visible="eq(-23,2)" />
        <setting id="watched.threshold" label="32042" type="slider" default="90" range="50,1,99" option="int" visible="eq(-24,2)" />
        <setting id="nextep.threshold" label="32043" type="slider" default="90" range="50,1,99" option="int" visible="eq(-25,2)" />
        <!-- Kodi Library -->
        <setting id="recent_added_limit" label="32044" type="slider" default="20" range="5,1,25" option="int" visible="eq(-26,3)" />
        <!-- UTC Time Offset -->
        <setting id="datetime.offset" label="32045" type="slider" default="0" range="-15,1,15" option="int" visible="eq(-27,4)" />
        <!--Settings Backup/Restore -->
        <setting id="backup_directory" type="folder" label="32047" default="" visible="eq(-28,5)" />
        <setting id="backup.backup" type="action" label="32048" default="" action="RunPlugin(plugin://plugin.video.fen/?mode=backup_settings)" visible="eq(-29,5)" subsetting="true" />
        <setting id="backup.restore" type="action" label="32049" default="" action="RunPlugin(plugin://plugin.video.fen/?mode=restore_settings)" visible="eq(-30,5)" subsetting="true" />
        <!-- Hidden -->
        <setting id="trakt_refresh_token" label="trakt refresh token" type="text" visible="false" />
        <setting id="trakt_expires_at" label="trakt expires at" type = "text" visible="false" />
        <setting id="rd.auth" label="rd auth" type="text" visible="false" />
        <setting id="rd.client_id" label="rd client_id" type = "text" visible="false" />
        <setting id="rd.refresh" label="rd refresh" type = "text" visible="false" />
        <setting id="rd.secret" label="rd secret" type = "text" visible="false" />
        <setting id="openscrapers.version" label="openscrapers version" type = "text" visible="false" />
        <setting id="version_number" label="version_number" type = "text" visible="false" />
        <setting id="version_check" label="version_check" type = "text" visible="false" />
        <setting id="failing_scrapers.reset_time" label="scrapers reset time" type = "text" visible="false" />
        <setting id="service_time" type="text" label="Service Time" default="2000-01-01 00:00:00" visible="false" />
        <setting id="trakt.subscriptions_movie" label="trakt.subscriptions_movie" type="text" default="" visible="hidden" />
        <setting id="trakt.subscriptions_show" label="trakt.subscriptions_show" type="text" default="" visible="hidden" />
        <setting id="subscription_timer" label="subscription_timer" type="text" default="24" visible="hidden" />
        <setting id="results.sort_order" type="text" default="0" visible="hidden" />
    </category>
    <!-- Accounts -->
    <category label="32050">
        <setting label="32050" type="lsep" />
        <setting id="choice.accounts" label="32245" type="enum" default="0" lvalues="32069|32070|32054|32061|32063|32037|32064|32068" />
        <setting type="sep" />
        <!-- Furk -->
        <setting id="furk_login" type="text" label="32051" default="" visible="eq(-2,0)" />
        <setting id="furk_password" type="text" label="32052" default="" visible="eq(-3,0)" />
        <setting id="furk_api_key" type="text" label="32053" default="" visible="eq(-4,0)" />
        <!-- Easynews -->
        <setting id="easynews_user" type="text" label="32051" default="" visible="eq(-5,1)" />
        <setting id="easynews_password" type="text" label="32052" default="" visible="eq(-6,1)" />
        <!-- Real Debrid -->
        <setting id="rd.enabled" type="bool" label="32055" default="true" visible="eq(-7,2)" />
        <setting id="rd.token" label="rd token" type="text" default="" visible="hidden" />
        <setting id="rd.username" label="32056" type="text" default="" visible="!eq(-1,)+eq(-9,2)" enable="false" />
        <setting id="open_rd_authenticate" type="action" label="32057" visible="eq(-2,)+eq(-10,2)" enable="eq(-3,true)" option="close" action="RunPlugin(plugin://plugin.video.fen/?mode=real_debrid.authenticate)" />
        <setting id="open_rd_reauthenticate" type="action" label="32058" visible="!eq(-3,)+eq(-11,2)" enable="eq(-4,true)" option="close" action="RunPlugin(plugin://plugin.video.fen/?mode=real_debrid.authenticate)" />
        <setting id="open_rd_revoke_authenticate" type="action" label="32059" visible="!eq(-4,)+eq(-12,2)" enable="eq(-5,true)" option="close" action="RunPlugin(plugin://plugin.video.fen/?mode=real_debrid.authenticate_revoke)" />
        <setting id="store_torrent.real-debrid" label="32060" type="bool" visible="!eq(-5,)+eq(-13,2)" enable="eq(-6,true)" default="false" />
        <!-- Premiumize -->
        <setting id="pm.enabled" type="bool" label="32055" default="true" visible="eq(-14,3)" />
        <setting label="pm token" id="pm.token" type="text" default="" visible="hidden" />
        <setting id="pm.account_id" label="32062" type="text" default="" visible="!eq(-1,)+eq(-16,3)" enable="false" />
        <setting id="open_pm_authenticate" type="action" label="32057" visible="eq(-2,)+eq(-17,3)" enable="eq(-3,true)" option="close" action="RunPlugin(plugin://plugin.video.fen/?mode=premiumize.authenticate)" />
        <setting id="open_pm_reauthenticate" type="action" label="32058" visible="!eq(-3,)+eq(-18,3)" enable="eq(-4,true)" option="close" action="RunPlugin(plugin://plugin.video.fen/?mode=premiumize.authenticate)" />
        <setting id="open_pm_revoke_authenticate" type="action" label="32059" visible="!eq(-4,)+eq(-19,3)" enable="eq(-5,true)" option="close" action="RunPlugin(plugin://plugin.video.fen/?mode=premiumize.authenticate_revoke)" />
        <setting id="store_torrent.premiumize.me" label="32060" type="bool" visible="!eq(-5,)+eq(-20,3)" enable="eq(-6,true)" default="false" />
        <!-- All Debrid -->
        <setting id="ad.enabled" type="bool" label="32055" default="true" visible="eq(-21,4)" />
        <setting label="ad token" id="ad.token" type="text" default="" visible="hidden" />
        <setting id="ad.account_id" label="32056" type="text" default="" visible="!eq(-1,)+eq(-23,4)" enable="false" />
        <setting id="open_ad_authenticate" type="action" label="32057" visible="eq(-2,)+eq(-24,4)" enable="eq(-3,true)" option="close" action="RunPlugin(plugin://plugin.video.fen/?mode=alldebrid.authenticate)" />
        <setting id="open_ad_reauthenticate" type="action" label="32058" visible="!eq(-3,)+eq(-25,4)" enable="eq(-4,true)" option="close" action="RunPlugin(plugin://plugin.video.fen/?mode=alldebrid.authenticate)" />
        <setting id="open_ad_revoke_authenticate" type="action" label="32059" visible="!eq(-4,)+eq(-26,4)" enable="eq(-5,true)" option="close" action="RunPlugin(plugin://plugin.video.fen/?mode=alldebrid.authenticate_revoke)" />
        <setting id="store_torrent.alldebrid" label="32060" type="bool" visible="!eq(-4,)+eq(-27,4)" enable="eq(-6,true)" default="false" />
        <!-- Trakt -->
        <setting label="trakt access token" id="trakt_access_token" type="text" default="" visible="hidden" />
        <setting id="trakt_user" label="32056" type="text" default="" visible="!eq(-1,)+eq(-29,5)" enable="false" />
        <setting id="open_trakt_authenticate" type="action" label="32057" visible="eq(-2,)+eq(-30,5)" option="close" action="RunPlugin(plugin://plugin.video.fen/?mode=trakt_authenticate)" />
        <setting id="open_trakt_de-authenticate" type="action" label="32059" visible="!eq(-3,)+eq(-31,5)" option="close" action="RunPlugin(plugin://plugin.video.fen/?mode=trakt_remove_authentication)" />
        <!-- IMDb -->
        <setting id="imdb_user" label="32065" type="text" default="" visible="eq(-32,6)" />
        <setting id="imdb_lists.sort_type" label="32066" type="enum" default="0" lvalues="32215|32216|32217|32218|32219|32220|32221|32222|32223" visible="eq(-33,6)" />
        <setting id="imdb_lists.sort_direction" label="32067" type="enum" default="0" lvalues="32224|32225" visible="eq(-34,6)" />
        <!-- TMDb -->
        <setting id="tmdb_api" type="text" label="32053" default="1b0d3c6ac6a6c0fa87b55a1069d6c9c8" visible="eq(-35,7)" />
    </category>
    <!-- Next Episodes -->
    <category label="32071">
        <setting label="32071" type="lsep" />
        <setting id="choice.next_episodes" label="32245" type="enum" default="0" lvalues="32072|32002" />
        <setting type="sep" />
        <!-- Content and Sorting -->
        <setting id="nextep.sort_type" label="32066" type="enum" default="0" lvalues="32226|32227|32228" visible="eq(-2,0)" />
        <setting id="nextep.sort_order" label="32067" type="enum" default="0" lvalues="32225|32224" visible="eq(-3,0)" />
        <setting id="nextep.include_unaired" label="32073" type="bool" default="true" visible="eq(-4,0)" />
        <setting id="nextep.include_unwatched" label="32074" type="bool" default="true" visible="eq(-5,0)" />
        <setting id="nextep.cache_to_disk" label="32075" type="bool" default="false" visible="eq(-6,0)" />
        <!-- Appearance -->
        <setting id="nextep.include_airdate" label="32076" type="bool" default="true" visible="eq(-7,1)" />
        <setting id="nextep.airdate_format" label="32077" type="enum" default="0" lvalues="32229|32230|32231" subsetting="true" visible="eq(-8,1)+eq(-1,true)" />
        <setting id="nextep.airdate_colour" type="action" label="32078" default="magenta" visible="eq(-9,1)+eq(-2,true)" action="RunPlugin(plugin://plugin.video.fen/?mode=next_episode_color_choice&amp;setting=Airdate)" subsetting="true" />
        <setting id="nextep.unaired_colour" type="action" label="32079" default="red" visible="eq(-10,1)" action="RunPlugin(plugin://plugin.video.fen/?mode=next_episode_color_choice&amp;setting=Unaired)" />
        <setting id="nextep.unwatched_colour" type="action" label="32080" default="darkgoldenrod" visible="eq(-11,1)" action="RunPlugin(plugin://plugin.video.fen/?mode=next_episode_color_choice&amp;setting=Unwatched)" />
    </category>
    <!-- Trakt -->
    <category label="32037">
        <setting label="32037" type="lsep" />
        <setting id="choice.trakt" label="32245" type="enum" default="0" lvalues="32081|32085|32087" />
        <setting type="sep" />
        <!-- Trakt Calendar -->
        <setting id="calendar_focus_today" type="bool" label="32082" default="true" visible="eq(-2,0)" />
        <setting id="trakt.calendar_previous_days" label="32083" type="slider" default="7" range="0,1,10" option="int" visible="eq(-3,0)" />
        <setting id="trakt.calendar_future_days" label="32084" type="slider" default="7" range="0,1,10" option="int" visible="eq(-4,0)" />
        <!-- Trakt Widgets -->
        <setting id="trakt_widget_limit" label="32086" type="slider" default="20" range="5,1,25" option="int" visible="eq(-5,1)" />
        <!-- Trakt Cache -->
        <setting id="trakt_cache_duration" label="32088" type="enum" default="0" lvalues="32232|32233|32234" visible="eq(-6,2)" />
        <setting id="refresh_trakt_on_startup" type="bool" label="32089" default="false" visible="eq(-7,2)" />
    </category>
    <!-- Internal Scrapers -->
    <category label="32096">
        <setting label="32096" type="lsep" />
        <setting id="choice.int_scrapers" label="32245" type="enum" default="0" lvalues="32069|32070|32097|32098|32099|32106|32107|32108" />
        <setting type="sep" />
        <!-- Furk -->
        <setting id="provider.furk" type="bool" label="32055" default="false" visible="eq(-2,0)" />
        <setting id="furk.limit" label="32092" type="slider" default="100" range="1,1,100" option="int" visible="eq(-3,0)" enable="eq(-1,true)" subsetting="true" />
        <setting id="furk.mod.level" label="32093" type="enum" default="0" lvalues="32027|32090|32091" visible="eq(-4,0)" enable="eq(-2,true)" subsetting="true" />
        <setting id="include_uncached_results" type="bool" label="32094"  default="false" visible="eq(-5,0)" enable="eq(-3,true)" subsetting="true" />
        <setting id="provider.furk_colour" type="action" label="32095" default="firebrick" action="RunPlugin(plugin://plugin.video.fen/?mode=scraper_color_choice&amp;setting=furk)" visible="eq(-6,0)" enable="eq(-4,true)" subsetting="true" />
        <!-- Easynews -->
        <setting id="provider.easynews" type="bool" label="32055" default="false" visible="eq(-7,1)" />
        <setting id="easynews_limit" label="32092" type="slider" default="100" range="1,1,100" option="int" visible="eq(-8,1)" enable="eq(-1,true)" subsetting="true" />
        <setting id="easynews_moderation" label="32102" type="bool" default="true" visible="eq(-9,1)" enable="eq(-2,true)" subsetting="true" />
        <setting id="provider.easynews_colour" type="action" label="32095" default="green" action="RunPlugin(plugin://plugin.video.fen/?mode=scraper_color_choice&amp;setting=easynews)" visible="eq(-10,1)" enable="eq(-3,true)" subsetting="true" />
        <!-- PM Cloud -->
        <setting id="provider.pm-cloud" type="bool" label="32055" default="false" visible="eq(-11,2)" />
        <setting id="results.sort_pm-cloud_first" type="bool" label="32103" default="true" visible="eq(-12,2)" enable="eq(-1,true)" subsetting="true" />
        <setting id="provider.pm-cloud_colour" type="action" label="32095" default="purple" action="RunPlugin(plugin://plugin.video.fen/?mode=scraper_color_choice&amp;setting=pm-cloud)" visible="eq(-13,2)" enable="eq(-2,true)" subsetting="true" />
        <!-- RD Cloud -->
        <setting id="provider.rd-cloud" type="bool" label="32055" default="false" visible="eq(-14,3)" />
        <setting id="results.sort_rd-cloud_first" type="bool" label="32103" default="true" visible="eq(-15,3)" enable="eq(-1,true)" subsetting="true" />
        <setting id="provider.rd-cloud_colour" type="action" label="32095" default="orange" action="RunPlugin(plugin://plugin.video.fen/?mode=scraper_color_choice&amp;setting=rd-cloud)" visible="eq(-16,3)" enable="eq(-2,true)" subsetting="true" />
        <!-- AD Cloud -->
        <setting id="provider.ad-cloud" type="bool" label="32055" default="false" visible="eq(-17,4)" />
        <setting id="results.sort_ad-cloud_first" type="bool" label="32103" default="true" visible="eq(-18,4)" enable="eq(-1,true)" subsetting="true" />
        <setting id="provider.ad-cloud_colour" type="action" label="32095" default="orange" action="RunPlugin(plugin://plugin.video.fen/?mode=scraper_color_choice&amp;setting=ad-cloud)" visible="eq(-19,4)" enable="eq(-2,true)" subsetting="true" />
        <!-- Local Library -->
        <setting id="provider.local" type="bool" label="32055" default="false" visible="eq(-20,5)" />
        <setting id="check.local" type="bool" label="32104" default="true" visible="eq(-21,5)" enable="eq(-1,true)" subsetting="true" />
        <setting id="include_local_in_filter" type="bool" label="32105" default="false" visible="eq(-22,5)" enable="eq(-2,true)" subsetting="true" />
        <setting id="results.sort_local_first" type="bool" label="32103" default="true" visible="eq(-23,5)" enable="eq(-3,true)" subsetting="true" />
        <setting id="provider.local_colour" type="action" label="32095" default="yellow" action="RunPlugin(plugin://plugin.video.fen/?mode=scraper_color_choice&amp;setting=local)" visible="eq(-24,5)" enable="eq(-4,true)" subsetting="true" />
        <!-- Downloads -->
        <setting id="provider.downloads" type="bool" label="32055" default="false" visible="eq(-25,6)" />
        <setting id="check.downloads" type="bool" label="32104" default="true" visible="eq(-26,6)"  enable="eq(-1,true)" subsetting="true" />
        <setting id="include_downloads_in_filter" type="bool" label="32105" default="false" visible="eq(-27,6)" enable="eq(-2,true)" subsetting="true" />
        <setting id="results.sort_downloads_first" type="bool" label="32103" default="true" visible="eq(-28,6)" enable="eq(-3,true)" subsetting="true" />
        <setting id="provider.downloads_colour" type="action" label="32095" default="red" action="RunPlugin(plugin://plugin.video.fen/?mode=scraper_color_choice&amp;setting=downloads)" visible="eq(-29,6)" enable="eq(-4,true)" subsetting="true" />
        <!-- Folders 1-5 -->
        <setting id="provider.folders" type="bool" label="32055" default="false" visible="eq(-30,7)" />
        <setting id="check.folders" type="bool" label="32104" default="true" visible="eq(-31,7)" enable="eq(-1,true)" />
        <setting id="include_folders_in_filter" type="bool" label="32105" default="false" visible="eq(-32,7)" enable="eq(-2,true)" />
        <setting id="results.sort_folders_first" type="bool" label="32103" default="true" visible="eq(-33,7)" enable="eq(-3,true)" />
        <setting id="provider.folders_colour" type="action" label="32095" default="red" action="RunPlugin(plugin://plugin.video.fen/?mode=scraper_color_choice&amp;setting=folders)" visible="eq(-34,7)" enable="eq(-4,true)" />
        <setting type="sep" />
        <setting id="choice.folder_scrapers" label="32109" type="enum" default="0" lvalues="32110|32111|32112|32113|32114" visible="eq(-36,7)" enable="eq(-6,true)" />
        <setting type="sep" />
        <!-- Folder1 -->
        <setting id="folder1.display_name" label="32115" type="text" default="Folder 1" visible="eq(-38,7)+eq(-2,0)" enable="eq(-8,true)" />
        <setting id="folder1.movies_directory" type="action" label="32116" default="None" action="RunPlugin(plugin://plugin.video.fen/?mode=folder_sources_choice&amp;setting=folder1.movies_directory)" visible="eq(-39,7)+eq(-3,0)" enable="eq(-9,true)" />        
        <setting id="folder1.tv_shows_directory" type="action" label="32117" default="None" action="RunPlugin(plugin://plugin.video.fen/?mode=folder_sources_choice&amp;setting=folder1.tv_shows_directory)" visible="eq(-40,7)+eq(-4,0)" enable="eq(-10,true)" />
        <!-- Folder2 -->
        <setting id="folder2.display_name" label="32115" type="text" default="Folder 2" visible="eq(-41,7)+eq(-5,1)" enable="eq(-11,true)" />
        <setting id="folder2.movies_directory" type="action" label="32116" default="None" action="RunPlugin(plugin://plugin.video.fen/?mode=folder_sources_choice&amp;setting=folder2.movies_directory)" visible="eq(-42,7)+eq(-6,1)" enable="eq(-12,true)" />        
        <setting id="folder2.tv_shows_directory" type="action" label="32117" default="None" action="RunPlugin(plugin://plugin.video.fen/?mode=folder_sources_choice&amp;setting=folder2.tv_shows_directory)" visible="eq(-43,7)+eq(-7,1)" enable="eq(-13,true)" />
        <!-- Folder3 -->
        <setting id="folder3.display_name" label="32115" type="text" default="Folder 3" visible="eq(-44,7)+eq(-8,2)" enable="eq(-14,true)" />
        <setting id="folder3.movies_directory" type="action" label="32116" default="None" action="RunPlugin(plugin://plugin.video.fen/?mode=folder_sources_choice&amp;setting=folder3.movies_directory)" visible="eq(-45,7)+eq(-9,2)" enable="eq(-15,true)" />        
        <setting id="folder3.tv_shows_directory" type="action" label="32117" default="None" action="RunPlugin(plugin://plugin.video.fen/?mode=folder_sources_choice&amp;setting=folder3.tv_shows_directory)" visible="eq(-46,7)+eq(-10,2)" enable="eq(-16,true)" />
        <!-- Folder4 -->
        <setting id="folder4.display_name" label="32115" type="text" default="Folder 4" visible="eq(-47,7)+eq(-11,3)" enable="eq(-17,true)" />
        <setting id="folder4.movies_directory" type="action" label="32116" default="None" action="RunPlugin(plugin://plugin.video.fen/?mode=folder_sources_choice&amp;setting=folder4.movies_directory)" visible="eq(-48,7)+eq(-12,3)" enable="eq(-18,true)" />        
        <setting id="folder4.tv_shows_directory" type="action" label="32117" default="None" action="RunPlugin(plugin://plugin.video.fen/?mode=folder_sources_choice&amp;setting=folder4.tv_shows_directory)" visible="eq(-49,7)+eq(-13,3)" enable="eq(-19,true)" />
        <!-- Folder5 -->
        <setting id="folder5.display_name" label="32115" type="text" default="Folder 5" visible="eq(-50,7)+eq(-14,4)" enable="eq(-20,true)" />
        <setting id="folder5.movies_directory" type="action" label="32116" default="None" action="RunPlugin(plugin://plugin.video.fen/?mode=folder_sources_choice&amp;setting=folder5.movies_directory)" visible="eq(-51,7)+eq(-15,4)" enable="eq(-21,true)" />        
        <setting id="folder5.tv_shows_directory" type="action" label="32117" default="None" action="RunPlugin(plugin://plugin.video.fen/?mode=folder_sources_choice&amp;setting=folder5.tv_shows_directory)" visible="eq(-52,7)+eq(-16,4)" enable="eq(-22,true)" />
    </category>
    <!-- External Scrapers -->
    <category label="32118">
        <setting label="32119" type="lsep" />
        <!-- External -->
        <setting id="provider.external" type="bool" label="32055" default="true" />
        <setting id="choice.ext_scrapers" label="32245" type="enum" default="0" lvalues="32001|32138" enable="eq(-1,true)" />
        <setting type="sep" />
        <!--General -->
        <setting id="search.finish.early" type="bool" label="32120" visible="eq(-2,0)" enable="eq(-3,true)" default="true" />
        <setting id="remove.failing_scrapers" type="bool" label="32121" visible="eq(-3,0)" enable="eq(-4,true)" default="false" />
        <setting id="failing_scrapers.threshold" label="32122" type="slider" default="25" range="1,1,50" option="int" subsetting="true" visible="eq(-4,0)+eq(-1,true)" enable="eq(-5,true)" />
        <setting id="failing_scrapers.reset" label="32123" type="enum" default="0" lvalues="32134|32135|32136|32137" subsetting="true" visible="eq(-5,0)+eq(-2,true)" enable="eq(-6,true)" />
        <setting id="preemptive.termination" type="bool" label="32124" default="false" visible="eq(-6,0)" enable="eq(-7,true)" />
        <setting id="preemptive.quality" label="32125" type="enum" default="0" lvalues="32129|32130|32131|32132|32133" subsetting="true" visible="eq(-7,0)+eq(-1,true)" enable="eq(-8,true)" />
        <setting id="preemptive.limit" type="number" label="32126" default="5" subsetting="true" visible="eq(-8,0)+eq(-2,true)" enable="eq(-9,true)" />
        <!--Color Highlights -->
        <setting id="prem.identify" type="action" label="32127" default="dodgerblue" action="RunPlugin(plugin://plugin.video.fen/?mode=scraper_color_choice&amp;setting=premium)" visible="eq(-9,1)" enable="eq(-10,true)" />
        <setting id="torrent.identify" type="action" label="32128" default="magenta" action="RunPlugin(plugin://plugin.video.fen/?mode=scraper_color_choice&amp;setting=torrent)" visible="eq(-10,1)" enable="eq(-11,true)" />
    </category>
    <!-- Results -->
    <category label="32139">
        <setting label="Results" type="lsep" />
        <setting id="choice.results" label="32245" type="enum" default="0" lvalues="32140|32150|32138" />
        <setting type="sep" />
        <!-- Display -->
        <setting id="scrapers.timeout.1" type="slider" label="32141" default="30" range="10,90" option="int" visible="eq(-2,0)" />
        <setting id="display_mode" label="32142" type="enum" default="0" lvalues="32235|32236|32237" visible="eq(-3,0)" />
        <setting id="progress.heading" label="32143" type="enum" default="0" lvalues="32238|32239" visible="eq(-4,0)" />
        <setting id="highlight.type" label="32144" type="enum" default="0" lvalues="32240|32241" visible="eq(-5,0)" />
        <setting id="results.paginate" type="bool" label="32145" default="false" visible="eq(-6,0)" enable="eq(-3,0)|eq(-3,1)" />
        <setting id="results.page_limit" label="32146" type="slider" default="300" range="100,50,1000" option="int" visible="eq(-7,0)+eq(-1,true)" subsetting="true" />
        <setting id="results.multiline_label" type="bool" label="32147" default="false" visible="eq(-8,0)" enable="eq(-5,0)|eq(-5,2)" />
        <setting id="results.show_extra_info" type="bool" label="32148" default="true" visible="eq(-9,0)" enable="eq(-6,0)|eq(-6,2)" />
        <setting id="results.show_filenames" type="bool" label="32149" default="true" visible="eq(-10,0)" enable="eq(-7,0)|eq(-7,2)" />
        <!-- Sorting and Filtering -->
        <setting id="results.sort_order_display" type="action" label="32151" default="Quality, Provider, Size" action="RunPlugin(plugin://plugin.video.fen/?mode=results_sorting_choice)" visible="eq(-11,1)" />
        <setting id="internal_scrapers_order" type="action" label="32152" default="FILES, FURK, EASYNEWS, CLOUD" action="RunPlugin(plugin://plugin.video.fen/?mode=internal_scrapers_order_choice)" visible="eq(-12,1)" />
        <setting id="remove.duplicates" type="bool" label="32153" default="false" visible="eq(-13,1)" />
        <setting id="remove.duplicates.torrents" type="bool" label="32154" default="false" visible="eq(-14,1)" />
        <setting id="include_prerelease_results" type="bool" label="32155" default="true" visible="eq(-15,1)" />
        <setting id="include_3d_results" type="bool" label="32156" default="true" visible="eq(-16,1)" />
        <setting id="hosts.captcha" type="bool" label="32157" default="true" visible="eq(-17,1)" />
        <setting id="include_nondebrid_results" type="bool" label="32158" default="true" visible="eq(-18,1)" />
        <setting id="torrent.check.cache" type="bool" label="32159" default="true" visible="eq(-19,1)" />
        <setting id="torrent.display.uncached" type="bool" label="32160" default="false" subsetting="true" visible="eq(-20,1)+eq(-1,true)" />
        <setting id="results.filter.size" type="bool" label="32161" default="false" visible="eq(-21,1)" />
        <setting id="results.include.unknown.size" type="bool" label="32162" default="true" subsetting="true" visible="eq(-22,1)+eq(-1,true)" />
        <setting id="results.size.minimum.movies" type="text" label="32163" default="0" subsetting="true" visible="eq(-23,1)+eq(-2,true)" />
        <setting id="results.size.maximum.movies" type="text" label="32164" default="35" subsetting="true" visible="eq(-24,1)+eq(-3,true)" />
        <setting id="results.size.minimum.episodes" type="text" label="32165" default="0" subsetting="true" visible="eq(-25,1)+eq(-4,true)" />
        <setting id="results.size.maximum.episodes" type="text" label="32166" default="5" subsetting="true" visible="eq(-26,1)+eq(-5,true)" />
        <!-- Color Highlights -->
        <setting id="int_dialog_highlight" type="action" label="32167" default="darkgoldenrod" action="RunPlugin(plugin://plugin.video.fen/?mode=scraper_dialog_color_choice&amp;setting=internal)" visible="eq(-27,2)" />
        <setting id="ext_dialog_highlight" type="action" label="32168" default="dodgerblue" action="RunPlugin(plugin://plugin.video.fen/?mode=scraper_dialog_color_choice&amp;setting=external)" visible="eq(-28,2)" />
        <setting id="secondline.identify" type="action" label="32169" default="No Color" action="RunPlugin(plugin://plugin.video.fen/?mode=scraper_color_choice&amp;setting=second_line)" visible="eq(-29,2)" />
        <setting id="scraper_4k_highlight" type="action" label="32170" default="magenta" action="RunPlugin(plugin://plugin.video.fen/?mode=scraper_quality_color_choice&amp;setting=scraper_4k_highlight)" visible="eq(-30,2)" />
        <setting id="scraper_1080p_highlight" type="action" label="32171" default="lawngreen" action="RunPlugin(plugin://plugin.video.fen/?mode=scraper_quality_color_choice&amp;setting=scraper_1080p_highlight)" visible="eq(-31,2)" />
        <setting id="scraper_720p_highlight" type="action" label="32172" default="gold" action="RunPlugin(plugin://plugin.video.fen/?mode=scraper_quality_color_choice&amp;setting=scraper_720p_highlight)" visible="eq(-32,2)" />
        <setting id="scraper_SD_highlight" type="action" label="32173" default="lightsaltegray" action="RunPlugin(plugin://plugin.video.fen/?mode=scraper_quality_color_choice&amp;setting=scraper_SD_highlight)" visible="eq(-33,2)" />
    </category>
    <!-- Playback -->
    <category label="32174">
        <setting label="32174" type="lsep" />
        <setting id="choice.playback" label="32245" type="enum" default="0" lvalues="32174|32246" />
        <setting type="sep" />
        <!-- Playback -->
        <setting id="auto_play" type="bool" label="32175" default="false" visible="eq(-2,0)" />
        <setting id="autoplay_quality" type="action" label="32176" default="SD, 720p, 1080p, 4K" action="RunPlugin(plugin://plugin.video.fen/?mode=set_quality_choice&amp;quality_setting=autoplay)" visible="eq(-3,0)+eq(-1,true)" subsetting="true" />
        <setting id="autoplay_hevc" type="enum" lvalues="32188|32189|32190" label="32177" visible="eq(-4,0)+eq(-2,true)" default="0" subsetting="true" />
        <setting id="autoplay_next_episode" type="bool" label="32178" visible="eq(-5,0)+eq(-3,true)" default="false" subsetting="true" />
        <setting id="autoplay_next_check_threshold" type="slider" default="3" range="0,1,10" option="int" visible="eq(-6,0)+eq(-1,true)+eq(-4,true)" label="32179" subsetting="true" />
        <setting id="autoplay_minimal_notifications" type="bool" label="32180" visible="eq(-7,0)+eq(-5,true)" default="false" subsetting="true" />
        <setting id="results_quality" type="action" label="32176" visible="eq(-8,0)+eq(-6,false)" default="SD, 720p, 1080p, 4K" action="RunPlugin(plugin://plugin.video.fen/?mode=set_quality_choice&amp;quality_setting=results)" />
        <setting id="auto_resume" type="enum" lvalues="32013|32015|32191" label="32181" default="0" visible="eq(-9,0)" />
        <!-- Subtitles -->
        <setting id="subtitle_amble" label="32182" type="text" default="" visible="eq(-10,1)" enable="false" />
        <setting id="subtitles.subs_action" type="enum" label="32183" default="2" lvalues="32192|32193|32027" visible="eq(-11,1)" />
        <setting id="subtitles.language" type="select" label="32184" values="Afrikaans|Albanian|Arabic|Armenian|Basque|Bengali|Bosnian|Breton|Bulgarian|Burmese|Catalan|Chinese|Croatian|Czech|Danish|Dutch|English|Esperanto|Estonian|Finnish|French|Galician|Georgian|German|Greek|Hebrew|Hindi|Hungarian|Icelandic|Indonesian|Italian|Japanese|Kazakh|Khmer|Korean|Latvian|Lithuanian|Luxembourgish|Macedonian|Malay|Malayalam|Manipuri|Mongolian|Montenegrin|Norwegian|Occitan|Persian|Polish|Portuguese|Portuguese(Brazil)|Romanian|Russian|Serbian|Sinhalese|Slovak|Slovenian|Spanish|Swahili|Swedish|Syriac|Tagalog|Tamil|Telugu|Thai|Turkish|Ukrainian|Urdu" default="English" visible="eq(-12,1)" enable="!eq(-1,2)" subsetting="true" />
        <setting id="subtitles.language2" type="select" label="32185" values="None|Afrikaans|Albanian|Arabic|Armenian|Basque|Bengali|Bosnian|Breton|Bulgarian|Burmese|Catalan|Chinese|Croatian|Czech|Danish|Dutch|English|Esperanto|Estonian|Finnish|French|Galician|Georgian|German|Greek|Hebrew|Hindi|Hungarian|Icelandic|Indonesian|Italian|Japanese|Kazakh|Khmer|Korean|Latvian|Lithuanian|Luxembourgish|Macedonian|Malay|Malayalam|Manipuri|Mongolian|Montenegrin|Norwegian|Occitan|Persian|Polish|Portuguese|Portuguese(Brazil)|Romanian|Russian|Serbian|Sinhalese|Slovak|Slovenian|Spanish|Swahili|Swedish|Syriac|Tagalog|Tamil|Telugu|Thai|Turkish|Ukrainian|Urdu" default="None" visible="eq(-13,1)" enable="!eq(-2,2)" subsetting="true" />
        <setting id="subtitles.auto_enable" type="bool" label="32186" visible="eq(-14,1)" enable="!eq(-3,2)" default="true" subsetting="true" />
        <setting id="subtitles.show_notification" type="bool" label="32187" visible="eq(-15,1)" enable="!eq(-4,2)" default="true" subsetting="true" />
    </category>
    <!-- Subscriptions -->
    <category label="32194">
        <setting label="32194" type="lsep" />
        <setting id="choice.subscriptions" label="32245" type="enum" default="0" lvalues="32195|32196|32205" />
        <setting type="sep" />
        <!-- Directories -->
        <setting id="movies_directory" type="folder" label="32116" option="writeable" default="special://profile/addon_data/plugin.video.fen/Movie Subscriptions/" visible="eq(-2,0)" />
        <setting id="tv_shows_directory" type="folder" label="32117" option="writeable" default="special://profile/addon_data/plugin.video.fen/TVShow Subscriptions/" visible="eq(-3,0)" />
        <!-- Updates -->
        <setting id="subscription_update" type="bool" label="32197" default="false" visible="eq(-4,1)" />
        <setting id="subsciptions.update_type" label="32198" type="enum" default="0" lvalues="32242|32243" visible="eq(-1,true)+eq(-5,1)" subsetting="true" />
        <setting id="subscriptions_update_label1" type="action" label="32199" visible="eq(-6,1)+eq(-1,0)+eq(-2,true)" default="24 Hours" action="RunPlugin(plugin://plugin.video.fen/?mode=subscriptions_update_interval&amp;update_type=interval)" subsetting="true" />
        <setting id="subscriptions_update_label2" type="action" label="32200" visible="eq(-7,1)+eq(-2,1)+eq(-3,true)" default="06:00" action="RunPlugin(plugin://plugin.video.fen/?mode=subscriptions_update_interval&amp;update_type=daily)" subsetting="true" />
        <setting id="update_library_after_service" type="bool" label="32201" default="false" visible="eq(-8,1)" />
        <setting id="skip_duplicates" type="bool" label="32202" default="false" visible="eq(-9,1)" />
        <setting id="subscriptions.add_unknown_airdate" type="bool" label="32203" default="false" visible="eq(-10,1)" />
        <setting id="subscriptions.add_release_date" type="bool" label="32204" default="false" visible="eq(-11,1)" />
        <!-- Trakt Lists -->
        <setting id="trakt.subscriptions_active" type="bool" label="32206" default="false" visible="eq(-12,2)" />
        <setting id="trakt.subscriptions_movie_display" type="action" label="32207" visible="eq(-13,2)+eq(-1,true)" default="" action="RunPlugin(plugin://plugin.video.fen/?mode=subscriptions_add_list&amp;db_type=movie)" option="close" subsetting="true" />
        <setting id="trakt.subscriptions_show_display" type="action" label="32208" visible="eq(-14,2)+eq(-2,true)" default="" action="RunPlugin(plugin://plugin.video.fen/?mode=subscriptions_add_list&amp;db_type=tvshow)" option="close" subsetting="true" />
        <setting id="clean_library_after_service" type="bool" label="32209" visible="eq(-15,2)+eq(-3,true)" default="false" subsetting="true" />
    </category>
    <!-- Downloads -->
    <category label="32107">
        <setting label="32107" type="lsep" />
        <setting id="choice.downloads" label="32245" type="enum" default="0" lvalues="32107|32211" />
        <setting type="sep" />
        <!--Directories -->
        <setting id="movie_download_directory" type="folder" label="32116" option="writeable" default="special://profile/addon_data/plugin.video.fen/Movies Downloads/" visible="eq(-2,0)" />
        <setting id="tvshow_download_directory" type="folder" label="32117" option="writeable" default="special://profile/addon_data/plugin.video.fen/TV Show Downloads/" visible="eq(-3,0)" />
        <setting id="premium_download_directory" type="folder" label="32210" option="writeable" default="special://profile/addon_data/plugin.video.fen/Premium Downloads/" visible="eq(-4,0)" />
        <!-- Notifications -->
        <setting id="download.notification" label="32212" type="enum" default="2" lvalues="32027|32090|32244" visible="eq(-5,1)" />
        <setting id="download.frequency" label="32213" type="slider" default="10" range="2,1,50" option="int" visible="eq(-6,1)+eq(-1,1)" subsetting="true" />
        <setting id="download.suppress" type="bool" label="Hide Notification During Playback" default="false" visible="eq(-7,1)+eq(-2,1)" subsetting="true" />
    </category>
</settings>
