<?xml version="1.0" encoding="UTF-8" standalone="yes"?>
<addon id="plugin.program.redalert" name="צבע אדום" version="1.0.3" provider-name="nil">
		<requires>
			<import addon="script.module.six"/>
			<import addon="script.module.kodi-six"/>
		</requires>
		<extension point="xbmc.python.pluginsource" library="default.py">
			<provides>executable</provides>
		</extension>
		<extension point="xbmc.service" library="service.py" start="[login|startup]"/>
		<extension point="xbmc.addon.metadata">
			<assets>
				<icon>icon.png</icon>
			</assets>
			<platform>all</platform>
			<summary lang="en">הצגת התראות צבע אדום.</summary>
			<description lang="en">הצגת התראות צבע אדום.[CR]based on https://redalert.me/</description>
			<news>- Added options to filter cities that get alerts.</news>
			<supportedcontent>
				<content>tvshows</content>
			</supportedcontent>
		</extension>
	</addon>
