<?xml version="1.0" encoding="UTF-8"?>
<window>
	<!-- <defaultcontrol>2000</defaultcontrol> -->
	<controls>
		<control type="image">
			<left>0</left>
			<top>0</top>
			<width>1920</width>
			<height>1080</height>
			<texture>common/black.png</texture>
		</control>
		<control type="group" id="1">
			<left>25</left>
			<top>0</top>
			<height>80</height>
			<width min="0" max="1920">auto</width>
			<control type="textbox">
				<left>50</left>
				<top>110</top>
				<width>300</width>
				<height>40</height>
				<font>font14</font>
				<textcolor>white</textcolor>
				<align>left</align>
				<aligny>bottom</aligny>
				<label>[COLOR $INFO[Window().Property(venom.highlight.color)]]$INFO[Window().Property(venom.total_results)] Total Sources[/COLOR]</label>
			</control>
			<control type="image">
				<aspectratio align="center" aligny="center">keep</aspectratio>
				<left>400</left>
				<top>0</top>
				<width>600</width>
				<height>175%</height>
				<texture background="true">$INFO[Window().Property(venom.clearlogo)]</texture>
				<!-- <visible>!String.IsEmpty(Window().Property(venom.clearlogo))</visible> -->
			</control>

			<!-- <control type="textbox"> -->
				<!-- <description>Title when no clearlogo</description> -->
				<!-- <left>200</left> -->
				<!-- <top>0</top> -->
				<!-- <width>900</width> -->
				<!-- <height>400</height> -->
				<!-- <font>font100caps_title</font> -->
				<!-- <textcolor>$INFO[Window().Property(venom.highlight.color)]</textcolor> -->
				<!-- <align>center</align> -->
				<!-- <aligny>bottom</aligny> -->
				<!-- <label>$INFO[Window().Property(venom.title)]</label> -->
				<!-- <visible>String.IsEmpty(Window().Property(venom.clearlogo))</visible> -->
			<!-- </control> -->

			<control type="textbox">
				<description>Episode details</description>
				<left>1345</left>
				<top>110</top>
				<width>486</width>
				<height>40</height>
				<font>font14</font>
				<textcolor>white</textcolor>
				<align>center</align>
				<aligny>bottom</aligny>
				<label>$INFO[Window().Property(venom.mpaa)]   [COLOR $INFO[Window().Property(venom.highlight.color)]]|[/COLOR]   $INFO[Window().Property(venom.premiered)]   [COLOR $INFO[Window().Property(venom.highlight.color)]]|[/COLOR]   $INFO[Window().Property(venom.duration)]m</label>
				<visible>!String.IsEmpty(Window().Property(venom.season))</visible>
			</control>
			<control type="textbox">
				<description>Movie details</description>
				<left>1345</left>
				<top>110</top>
				<width>486</width>
				<height>40</height>
				<font>font14</font>
				<textcolor>white</textcolor>
				<align>center</align>
				<aligny>bottom</aligny>
				<label>$INFO[Window().Property(venom.mpaa)]   [COLOR $INFO[Window().Property(venom.highlight.color)]]|[/COLOR]   $INFO[Window().Property(venom.year)]   [COLOR $INFO[Window().Property(venom.highlight.color)]]|[/COLOR]   $INFO[Window().Property(venom.duration)]m</label>
				<visible>String.IsEmpty(Window().Property(venom.season))</visible>
			</control>
			<control type="image">
				<left>1350</left>
				<top>150</top>
				<width>486</width>
				<height>729</height>
				<aspectratio aligny="top">keep</aspectratio>
				<texture background="true">$INFO[Window().Property(venom.poster)]</texture>
			</control>
			<control type="textbox">
				<left>1350</left>
				<top>879</top>
				<width>486</width>
				<height>185</height>
				<font>font12</font>
				<align>justify</align>
				<aligny>top</aligny>
				<wrapmultiline>true</wrapmultiline>
				<label>$INFO[Window().Property(venom.plot)]</label>
				<textcolor>white</textcolor>
				<autoscroll time="2000" delay="5500" repeat="5000"></autoscroll>
			</control>
			<control type="list" id="2000">
				<description>Source Select List</description>
				<viewtype>list</viewtype>
				<left>0</left>
				<top>150</top>
				<width>1350</width>
				<height>800</height>
				<onright>2001</onright>
				<onleft>2000</onleft>
				<onup>2000</onup>
				<ondown>2000</ondown>
				<scrolltime tween="sine">400</scrolltime>
				<orientation>Vertical</orientation>
				<itemlayout height="100" width="1325">
					<control type="image">
						<left>0</left>
						<top>0</top>
						<width>100</width>
						<height>100</height>
						<align>left</align>
						<aligny>center</aligny>
						<aspectratio>keep</aspectratio>
						<texture>$INFO[ListItem.Property(venom.quality_icon)]</texture>
					</control>
					<control type="label">
						<description>Line1 link name</description>
						<left>110</left>
						<top>15</top>
						<width>1240</width>
						<height>25</height>
						<font>font13</font>
						<textcolor>white</textcolor>
						<align>left</align>
						<aligny>bottom</aligny>
						<label>[COLOR $INFO[Window().Property(venom.highlight.color)]][B]$INFO[ListItem.Property(venom.count)]  $INFO[ListItem.Property(venom.name)][/B][/COLOR]</label>
					</control>
					<control type="label">
						<description>Line2 cached torrents</description>
						<left>180</left>
						<top>50</top>
						<width>1170</width>
						<height>25</height>
						<font>font12</font>
						<textcolor>white</textcolor>
						<align>left</align>
						<aligny>top</aligny>
						<label>$INFO[ListItem.Property(venom.size_label)]   [COLOR $INFO[Window().Property(venom.highlight.color)]]|[/COLOR]   $INFO[ListItem.Property(venom.debrid)]   [COLOR $INFO[Window().Property(venom.highlight.color)]]|[/COLOR]   $INFO[ListItem.Property(venom.provider)]   [COLOR $INFO[Window().Property(venom.highlight.color)]]|[/COLOR]   $INFO[ListItem.Property(venom.source)]</label>
						<visible>!String.Contains(ListItem.Property(venom.source),DIRECT) + !String.Contains(ListItem.Property(venom.source),UNCACHED)</visible>
					</control>
					<control type="label">
						<description>Line2 uncached torrents</description>
						<left>180</left>
						<top>50</top>
						<width>1170</width>
						<height>25</height>
						<font>font12</font>
						<textcolor>white</textcolor>
						<align>left</align>
						<aligny>top</aligny>
						<label>$INFO[ListItem.Property(venom.size_label)]   [COLOR $INFO[Window().Property(venom.highlight.color)]]|[/COLOR]   $INFO[ListItem.Property(venom.debrid)]   [COLOR $INFO[Window().Property(venom.highlight.color)]]|[/COLOR]   $INFO[ListItem.Property(venom.provider)]   [COLOR $INFO[Window().Property(venom.highlight.color)]]|[/COLOR]   $INFO[ListItem.Property(venom.source)]   [COLOR $INFO[Window().Property(venom.highlight.color)]]|[/COLOR]   SEEDERS: $INFO[ListItem.Property(venom.seeders)]</label>
						<visible>String.Contains(ListItem.Property(venom.source),UNCACHED)</visible>
					</control>
					<control type="label">
						<description>Line2 direct links</description>
						<left>180</left>
						<top>50</top>
						<width>1170</width>
						<height>25</height>
						<font>font12</font>
						<textcolor>white</textcolor>
						<align>left</align>
						<aligny>top</aligny>
						<label>$INFO[ListItem.Property(venom.size_label)]   [COLOR $INFO[Window().Property(venom.highlight.color)]]|[/COLOR]   $INFO[ListItem.Property(venom.source)]   [COLOR $INFO[Window().Property(venom.highlight.color)]]|[/COLOR]   $INFO[ListItem.Property(venom.provider)]</label>
						<visible>String.Contains(ListItem.Property(venom.source),DIRECT)</visible>
					</control>
					<control type="label">
						<description>Line2 hosters</description>
						<left>180</left>
						<top>50</top>
						<width>1170</width>
						<height>25</height>
						<font>font12</font>
						<textcolor>white</textcolor>
						<align>left</align>
						<aligny>top</aligny>
						<label>$INFO[ListItem.Property(venom.size_label)]   [COLOR $INFO[Window().Property(venom.highlight.color)]]|[/COLOR]   $INFO[ListItem.Property(venom.debrid)]   [COLOR $INFO[Window().Property(venom.highlight.color)]]|[/COLOR]   $INFO[ListItem.Property(venom.provider)]   [COLOR $INFO[Window().Property(venom.highlight.color)]]|[/COLOR]   $INFO[ListItem.Property(venom.source)]   [COLOR $INFO[Window().Property(venom.highlight.color)]]|[/COLOR]   HOSTER</label>
						<visible>!String.Contains(ListItem.Property(venom.source),DIRECT) + !String.Contains(ListItem.Property(venom.source),TORRENT)</visible>
					</control>
				</itemlayout>
				<focusedlayout height="100" width="1325">
					<control type="image">
						<left>0</left>
						<top>0</top>
						<width>1350</width>
						<height>100</height>
						<texture colordiffuse="$INFO[Window().Property(venom.highlight.color)]">common/white.png</texture>
					</control>
					<control type="image">
						<left>0</left>
						<top>0</top>
						<width>1350</width>
						<height>100</height>
						<texture colordiffuse="gainsboro">common/white.png</texture>
						<visible>!Control.HasFocus(2000)</visible>
					</control>
					<control type="image">
						<left>0</left>
						<top>0</top>
						<width>100</width>
						<height>100</height>
						<align>left</align>
						<aligny>center</aligny>
						<aspectratio>keep</aspectratio>
						<texture>$INFO[ListItem.Property(venom.quality_icon)]</texture>
					</control>
					<control type="label">
						<description>Line1 link name</description>
						<left>110</left>
						<top>15</top>
						<width>1240</width>
						<height>25</height>
						<font>font13</font>
						<textcolor>black</textcolor>
						<align>left</align>
						<aligny>bottom</aligny>
						<label>[B]$INFO[ListItem.Property(venom.count)]  $INFO[ListItem.Property(venom.name)][/B]</label>
					</control>
					<control type="label">
						<description>Line2 cached torrents</description>
						<left>180</left>
						<top>50</top>
						<width>1170</width>
						<height>25</height>
						<font>font12</font>
						<textcolor>black</textcolor>
						<align>left</align>
						<aligny>top</aligny>
						<label>[B]$INFO[ListItem.Property(venom.size_label)]   [COLOR black]|[/COLOR]   $INFO[ListItem.Property(venom.debrid)]   [COLOR black]|[/COLOR]   $INFO[ListItem.Property(venom.provider)]   [COLOR black]|[/COLOR]   $INFO[ListItem.Property(venom.source)][/B]</label>
						<visible>!String.Contains(ListItem.Property(venom.source),DIRECT) + !String.Contains(ListItem.Property(venom.source),UNCACHED)</visible>
					</control>
					<control type="label">
						<description>Line2 uncached torrents</description>
						<left>180</left>
						<top>50</top>
						<width>1170</width>
						<height>25</height>
						<font>font12</font>
						<textcolor>black</textcolor>
						<align>left</align>
						<aligny>top</aligny>
						<label>[B]$INFO[ListItem.Property(venom.size_label)]   [COLOR black]|[/COLOR]   $INFO[ListItem.Property(venom.debrid)]   [COLOR black]|[/COLOR]   $INFO[ListItem.Property(venom.provider)]   [COLOR black]|[/COLOR]   $INFO[ListItem.Property(venom.source)]   [COLOR black]|[/COLOR]   SEEDERS: $INFO[ListItem.Property(venom.seeders)][/B]</label>
						<visible>String.Contains(ListItem.Property(venom.source),UNCACHED)</visible>
					</control>
					<control type="label">
						<description>Line2 direct links</description>
						<left>180</left>
						<top>50</top>
						<width>1170</width>
						<height>25</height>
						<font>font12</font>
						<textcolor>black</textcolor>
						<align>left</align>
						<aligny>top</aligny>
						<label>[B]$INFO[ListItem.Property(venom.size_label)]   [COLOR black]|[/COLOR]   $INFO[ListItem.Property(venom.source)]   [COLOR black]|[/COLOR]   $INFO[ListItem.Property(venom.provider)][/B]</label>
						<visible>String.Contains(ListItem.Property(venom.source),DIRECT)</visible>
					</control>
					<control type="label">
						<description>Line2 hosters</description>
						<left>180</left>
						<top>50</top>
						<width>1170</width>
						<height>25</height>
						<font>font12</font>
						<textcolor>black</textcolor>
						<align>left</align>
						<aligny>top</aligny>
						<label>[B]$INFO[ListItem.Property(venom.size_label)]   [COLOR black]|[/COLOR]   $INFO[ListItem.Property(venom.debrid)]   [COLOR black]|[/COLOR]   $INFO[ListItem.Property(venom.provider)]   [COLOR black]|[/COLOR]   $INFO[ListItem.Property(venom.source)]   [COLOR black]|[/COLOR]   HOSTER[/B]</label>
						<visible>!String.Contains(ListItem.Property(venom.source),DIRECT) + !String.Contains(ListItem.Property(venom.source),TORRENT)</visible>
					</control>
				</focusedlayout>
			</control>
			<control type="group">
				<left>1432</left>
				<top>10</top>
					<control type="button" id="2001">
						<description>View Uncached Torrents button</description>
						<onright>2000</onright>
						<onleft>2000</onleft>
						<width>305</width>
						<height>100</height>
						<textoffsetx>0</textoffsetx>
						<texturefocus colordiffuse="$INFO[Window().Property(venom.highlight.color)]">common/button5.png</texturefocus>
						<!-- <texturenofocus colordiffuse="gainsboro">common/button2.png</texturenofocus> -->
						<texturenofocus>common/button5.png</texturenofocus>
						<label>$ADDON[plugin.video.venom 32639]</label>
						<font>font12</font>
						<align>center</align>
						<textcolor>white</textcolor>
						<focusedcolor>white</focusedcolor>
					</control>
			</control>
			<control type="grouplist" id="2002">
				<description>Info icons group list control</description>
				<left>180</left>
				<top>965</top>
				<width>1250</width>
				<height>100</height>
				<itemgap>20</itemgap>
				<orientation>horizontal</orientation>
					<control type="image">
						<left>0</left>
						<top>10</top>
						<width>75</width>
						<align>left</align>
						<aligny>center</aligny>
						<aspectratio>keep</aspectratio>
						<texture>source/dv.png</texture>
						<visible>String.Contains(Container(2000).ListItem.Property(venom.extra_info),DOLBY-VISION)</visible>
					</control>
					<control type="image">
						<left>0</left>
						<top>10</top>
						<width>75</width>
						<align>left</align>
						<aligny>center</aligny>
						<aspectratio>keep</aspectratio>
						<texture>source/hdr.png</texture>
						<visible>String.Contains(Container(2000).ListItem.Property(venom.extra_info),HDR) + !String.Contains(Container(2000).ListItem.Property(venom.extra_info),HDRIP)</visible>
					</control>
					<control type="image">
						<left>0</left>
						<top>10</top>
						<width>75</width>
						<align>left</align>
						<aligny>center</aligny>
						<aspectratio>keep</aspectratio>
						<texture>source/3d.png</texture>
						<visible>String.Contains(Container(2000).ListItem.Property(venom.extra_info),3D)</visible>
					</control>
					<control type="image">
						<left>0</left>
						<top>15</top>
						<width>75</width>
						<align>left</align>
						<aligny>center</aligny>
						<aspectratio>keep</aspectratio>
						<texture>source/hevc.png</texture>
						<visible>String.Contains(Container(2000).ListItem.Property(venom.extra_info),HEVC) | [String.Contains(Container(2000).ListItem.Property(venom.extra_info),DOLBY-VISION) | String.Contains(Container(2000).ListItem.Property(venom.extra_info),HDR)] + !String.Contains(Container(2000).ListItem.Property(venom.extra_info),HDRIP) + !String.Contains(Container(2000).ListItem.Property(venom.extra_info),AVC)</visible>
					</control>
					<control type="image">
						<left>0</left>
						<top>15</top>
						<width>75</width>
						<align>left</align>
						<aligny>center</aligny>
						<aspectratio>keep</aspectratio>
						<texture>source/x264.png</texture>
						<visible>String.Contains(Container(2000).ListItem.Property(venom.extra_info),AVC)</visible>
					</control>
					<control type="image">
						<left>0</left>
						<top>15</top>
						<width>75</width>
						<align>left</align>
						<aligny>center</aligny>
						<aspectratio>keep</aspectratio>
						<texture>source/mpeg_video.png</texture>
						<visible>String.Contains(Container(2000).ListItem.Property(venom.extra_info),MPEG)</visible>
					</control>
					<control type="image">
						<left>0</left>
						<top>15</top>
						<width>75</width>
						<align>left</align>
						<aligny>center</aligny>
						<aspectratio>keep</aspectratio>
						<texture>source/wmv2.png</texture>
						<visible>String.Contains(Container(2000).ListItem.Property(venom.extra_info),WMV)</visible>
					</control>
					<control type="image">
						<left>0</left>
						<top>15</top>
						<width>75</width>
						<align>left</align>
						<aligny>center</aligny>
						<aspectratio>keep</aspectratio>
						<texture>source/dx50.png</texture>
						<visible>String.Contains(Container(2000).ListItem.Property(venom.extra_info),DIVX)</visible>
					</control>
					<control type="image">
						<left>0</left>
						<top>15</top>
						<width>75</width>
						<align>left</align>
						<aligny>center</aligny>
						<aspectratio>keep</aspectratio>
						<texture>source/xvid2.png</texture>
						<visible>String.Contains(Container(2000).ListItem.Property(venom.extra_info),XVID)</visible>
					</control>
					<control type="image">
						<left>0</left>
						<top>15</top>
						<width>75</width>
						<align>left</align>
						<aligny>center</aligny>
						<aspectratio>keep</aspectratio>
						<texture>source/bluray.png</texture>
						<visible>String.Contains(Container(2000).ListItem.Property(venom.extra_info),BLURAY)</visible>
					</control>
					<control type="image">
						<left>0</left>
						<top>15</top>
						<width>75</width>
						<align>left</align>
						<aligny>center</aligny>
						<aspectratio>keep</aspectratio>
						<texture>source/hdtv.png</texture>
						<visible>String.Contains(Container(2000).ListItem.Property(venom.extra_info),HDTV)</visible>
					</control>
					<control type="image">
						<left>0</left>
						<top>15</top>
						<width>75</width>
						<align>left</align>
						<aligny>center</aligny>
						<aspectratio>keep</aspectratio>
						<texture>source/web-dl.png</texture>
						<visible>String.Contains(Container(2000).ListItem.Property(venom.extra_info),WEB)</visible>
					</control>
					<control type="image">
						<left>0</left>
						<top>15</top>
						<width>75</width>
						<align>left</align>
						<aligny>center</aligny>
						<aspectratio>keep</aspectratio>
						<texture>source/dvd.png</texture>
						<visible>String.Contains(Container(2000).ListItem.Property(venom.extra_info),DVDRIP)</visible>
					</control>
					<control type="image">
						<left>0</left>
						<top>15</top>
						<width>75</width>
						<align>left</align>
						<aligny>center</aligny>
						<aspectratio>keep</aspectratio>
						<texture>audio/atmos.png</texture>
						<visible>String.Contains(Container(2000).ListItem.Property(venom.extra_info),ATMOS)</visible>
					</control>
					<control type="image">
						<left>0</left>
						<top>15</top>
						<width>75</width>
						<align>left</align>
						<aligny>center</aligny>
						<aspectratio>keep</aspectratio>
						<texture>audio/dolbytruehd.png</texture>
						<visible>String.Contains(Container(2000).ListItem.Property(venom.extra_info),DOLBY-TRUEHD)</visible>
					</control>
					<control type="image">
						<left>0</left>
						<top>15</top>
						<width>75</width>
						<align>left</align>
						<aligny>center</aligny>
						<aspectratio>keep</aspectratio>
						<texture>audio/dolbydigital.png</texture>
						<visible>String.Contains(Container(2000).ListItem.Property(venom.extra_info),DOLBYDIGITAL)</visible>
					</control>
					<control type="image">
						<left>0</left>
						<top>15</top>
						<width>75</width>
						<align>left</align>
						<aligny>center</aligny>
						<aspectratio>keep</aspectratio>
						<texture>audio/eac3.png</texture>
						<visible>String.Contains(Container(2000).ListItem.Property(venom.extra_info),DD) + !String.Contains(Container(2000).ListItem.Property(venom.extra_info),DD-EX)</visible>
					</control>
					<control type="image">
						<left>0</left>
						<top>15</top>
						<width>75</width>
						<align>left</align>
						<aligny>center</aligny>
						<aspectratio>keep</aspectratio>
						<texture>audio/dolbypro.png</texture>
						<visible>String.Contains(Container(2000).ListItem.Property(venom.extra_info),DD-EX)</visible>
					</control>
					<control type="image">
						<left>0</left>
						<top>15</top>
						<width>75</width>
						<align>left</align>
						<aligny>center</aligny>
						<aspectratio>keep</aspectratio>
						<texture>audio/dts.png</texture>
						<visible>String.Contains(Container(2000).ListItem.Property(venom.extra_info),DTS) + !String.Contains(Container(2000).ListItem.Property(venom.extra_info),DTS-X) + !String.Contains(Container(2000).ListItem.Property(venom.extra_info),DTS-HD MA)</visible>
					</control>
					<control type="image">
						<left>0</left>
						<top>15</top>
						<width>75</width>
						<align>left</align>
						<aligny>center</aligny>
						<aspectratio>keep</aspectratio>
						<texture>audio/dts_x.png</texture>
						<visible>String.Contains(Container(2000).ListItem.Property(venom.extra_info),DTS-X)</visible>
					</control>
					<control type="image">
						<left>0</left>
						<top>15</top>
						<width>75</width>
						<align>left</align>
						<aligny>center</aligny>
						<aspectratio>keep</aspectratio>
						<texture>audio/dtshd_ma.png</texture>
						<visible>String.Contains(Container(2000).ListItem.Property(venom.extra_info),DTS-HD MA)</visible>
					</control>
					<control type="image">
						<left>0</left>
						<top>15</top>
						<width>75</width>
						<align>left</align>
						<aligny>center</aligny>
						<aspectratio>keep</aspectratio>
						<texture>audio/aac.png</texture>
						<visible>String.Contains(Container(2000).ListItem.Property(venom.extra_info),AAC)</visible>
					</control>
					<control type="image">
						<left>0</left>
						<top>15</top>
						<width>75</width>
						<align>left</align>
						<aligny>center</aligny>
						<aspectratio>keep</aspectratio>
						<texture>audio/mp3.png</texture>
						<visible>String.Contains(Container(2000).ListItem.Property(venom.extra_info),MP3)</visible>
					</control>
					<control type="image">
						<left>0</left>
						<top>15</top>
						<width>75</width>
						<align>left</align>
						<aligny>center</aligny>
						<aspectratio>keep</aspectratio>
						<texture>channels/2.png</texture>
						<visible>String.Contains(Container(2000).ListItem.Property(venom.extra_info),2CH)</visible>
					</control>
					<control type="image">
						<left>0</left>
						<top>15</top>
						<width>75</width>
						<align>left</align>
						<aligny>center</aligny>
						<aspectratio>keep</aspectratio>
						<texture>channels/6.png</texture>
						<visible>String.Contains(Container(2000).ListItem.Property(venom.extra_info),6CH)</visible>
					</control>
					<control type="image">
						<left>0</left>
						<top>15</top>
						<width>75</width>
						<align>left</align>
						<aligny>center</aligny>
						<aspectratio>keep</aspectratio>
						<texture>channels/7.png</texture>
						<visible>String.Contains(Container(2000).ListItem.Property(venom.extra_info),7CH)</visible>
					</control>
					<control type="image">
						<left>0</left>
						<top>15</top>
						<width>75</width>
						<align>left</align>
						<aligny>center</aligny>
						<aspectratio>keep</aspectratio>
						<texture>channels/8.png</texture>
						<visible>String.Contains(Container(2000).ListItem.Property(venom.extra_info),8CH)</visible>
					</control>
			</control>
		</control>
	</controls>
</window>