<?xml version="1.0" encoding="UTF-8" standalone="yes"?>
<addon id="context.seren" version="2.0.0" name="Seren - Global Context Menu Items" provider-name="Nixgates">
	<requires>
		<import addon="xbmc.python" version="2.23.0"/>
	</requires>
	<extension point="kodi.context.item">
        <menu id="kodi.core.main">
			<item library="quickResume.py">
				<label>$ADDON[context.seren 32001]</label>
				<visible>String.StartsWith(ListItem.path,plugin://plugin.video.seren/)+String.IsEqual(ListItem.dbtype,tvshow)</visible>
			</item>
            <item library="shuffle.py">
                <label>$ADDON[context.seren 32002]</label>
                <visible>String.StartsWith(ListItem.path,plugin://plugin.video.seren/)+[String.IsEqual(ListItem.dbtype,tvshow)|String.IsEqual(ListItem.dbtype,episode)]</visible>
            </item>
			<item library="playFromRandomPoint.py">
                <label>$ADDON[context.seren 32003]</label>
                <visible>String.StartsWith(ListItem.path,plugin://plugin.video.seren/)+String.IsEqual(ListItem.dbtype,tvshow)</visible>
            </item>
			<item library="rescrape.py">
                <label>$ADDON[context.seren 32004]</label>
                <visible>String.StartsWith(ListItem.path,plugin://plugin.video.seren/)+[String.IsEqual(ListItem.dbtype,episode)|String.IsEqual(ListItem.dbtype,movie)]</visible>
            </item>
			<item library="sourceSelect.py">
                <label>$ADDON[context.seren 32005]</label>
                <visible>String.StartsWith(ListItem.path,plugin://plugin.video.seren/)+[String.IsEqual(ListItem.dbtype,episode)|String.IsEqual(ListItem.dbtype,movie)]</visible>
            </item>
			<item library="findSimilar.py">
                <label>$ADDON[context.seren 32006]</label>
                <visible>String.StartsWith(ListItem.path,plugin://plugin.video.seren/)+[String.IsEqual(ListItem.dbtype,tvshow)|String.IsEqual(ListItem.dbtype,movie)]</visible>
            </item>
			<item library="browseShow.py">
                <label>$ADDON[context.seren 32007]</label>
                <visible>String.StartsWith(ListItem.path,plugin://plugin.video.seren/)+[String.IsEqual(ListItem.dbtype,episode)|String.IsEqual(ListItem.dbtype,tvshow)]</visible>
            </item>
			<item library="browseSeason.py">
				<label>$ADDON[context.seren 32008]</label>
				<visible>String.StartsWith(ListItem.path,plugin://plugin.video.seren/)+String.IsEqual(ListItem.dbtype,episode)</visible>
			</item>
			<item library="traktManager.py">
				<label>$ADDON[context.seren 32009]</label>
				<visible>String.StartsWith(ListItem.path,plugin://plugin.video.seren/)+[String.IsEqual(ListItem.dbtype,episode)|String.IsEqual(ListItem.dbtype,tvshow)|String.IsEqual(ListItem.dbtype,season)|String.IsEqual(ListItem.dbtype,movie)]</visible>
			</item>
        </menu>
    </extension>
	<extension point="xbmc.addon.metadata">
		<summary lang="en">Seren - This Addon is currently in beta. Please be aware there may be bugs present</summary>
		<summary lang="nl">Seren - Deze add-on is momenteel in beta. Let op: er kunnen bugs aanwezig zijn</summary>
		<description lang="en">Adds Global Contextual Menu Items for Seren menu items throughout Kodi</description>
		<description lang="ml">Voegt globale contextuele menu-items toe voor Seren-menu-items in Kodi</description>
		<platform>all</platform>
		<license>GNU GENERAL PUBLIC LICENSE. Version 3, 29 June 2007</license>
		<forum/>
		<website/>
		<source/>
		<disclaimer lang="en"/>
		<assets>
			<icon>ico-fox-gold-final.png</icon>
			<fanart>fanart-fox-gold-final.png</fanart>
		</assets>
		<news>
Changelog 2.0.0:
Rework for Seren 2.0
		</news>
	</extension>
</addon>
