<?xml version="1.0" encoding="utf-8" standalone="yes"?>
<settings>
    <category label="General">  
        <setting label="Providers Choice:" type="lsep" />
        <setting id="module.provider" label="[COLOR=yellow]Multi-Choose: [/COLOR]" type="action" action="RunPlugin(plugin://script.module.liptonscrapers/?mode=ModuleChoice)" default="Liptonmodule" option="close" />
        <setting label="Enable/Disable All" type="lsep" />
        <setting label="Enable All Providers" type="action" action="RunPlugin(plugin://script.module.liptonscrapers/?mode=toggleAll&amp;folder=all&amp;setting=true&amp;open_id=0.1)" option="close" />
        <setting label="Disable All Providers" type="action" action="RunPlugin(plugin://script.module.liptonscrapers/?mode=toggleAll&amp;folder=all&amp;setting=false&amp;open_id=0.2)" option="close" />
        <setting label="Enable/Disable Host" type="lsep" />
        <setting label="Enable All Host Providers" type="action" action="RunPlugin(plugin://script.module.liptonscrapers/?mode=toggleAll&amp;folder=en&amp;setting=true&amp;open_id=2.2)" option="close" />
        <setting label="Disable All Host Providers" type="action" action="RunPlugin(plugin://script.module.liptonscrapers/?mode=toggleAll&amp;folder=en&amp;setting=false&amp;open_id=2.3)" option="close" />
        <setting label="Clear Settings" type="lsep" />
        <setting label="Clear Settings" type="action" action="RunPlugin(plugin://script.module.liptonscrapers/?mode=clearSettings)" option="close" />
   	<setting label="Import/Remove External Modules" type="lsep" />
       <setting label="- Import an External Module Scraper" type="action" action="RunPlugin(plugin://script.module.liptonscrapers/?mode=activateExternalscrapers)" option="close" />
        <setting label="- Remove an External Module Scraper" type="action" action="RunPlugin(plugin://script.module.liptonscrapers/?mode=removeExternalscrapers)" option="close" />
    </category>
    <category label="Settings">
        <setting label="Enable/Disable All" type="lsep" />
        <setting label="Enable All Providers" type="action" action="RunPlugin(plugin://script.module.liptonscrapers/?mode=toggleAll&amp;folder=all&amp;setting=true&amp;open_id=0.1)" option="close" />
        <setting label="Disable All Providers" type="action" action="RunPlugin(plugin://script.module.liptonscrapers/?mode=toggleAll&amp;folder=all&amp;setting=false&amp;open_id=0.2)" option="close" />
        <setting label="Enable/Disable Host" type="lsep" />
        <setting label="Enable All Host Providers" type="action" action="RunPlugin(plugin://script.module.liptonscrapers/?mode=toggleAll&amp;folder=en&amp;setting=true&amp;open_id=2.2)" option="close" />
        <setting label="Disable All Host Providers" type="action" action="RunPlugin(plugin://script.module.liptonscrapers/?mode=toggleAll&amp;folder=en&amp;setting=false&amp;open_id=2.3)" option="close" />
        <setting label="Clear Settings" type="lsep" />
        <setting label="Clear Settings" type="action" action="RunPlugin(plugin://script.module.liptonscrapers/?mode=clearSettings)" option="close" />
    </category>
    <category label="Manuel">
	<setting label="Manuel settings" type="lsep" />
	<setting label="All Providers" type="action" action="RunPlugin(plugin://script.module.liptonscrapers/?mode=enableDisableScrapers&amp;folder=all&amp;open_id=1.1)" option="close" />
	<setting label="Host Providers" type="action" action="RunPlugin(plugin://script.module.liptonscrapers/?mode=enableDisableScrapers&amp;folder=en&amp;open_id=1.2)" option="close" />
	<setting label="Debrid Providers" type="action" action="RunPlugin(plugin://script.module.liptonscrapers/?mode=enableDisableScrapers&amp;folder=en_DebridOnly&amp;open_id=1.4)" option="close" />
        <setting label="Torrent Providers" type="action" action="RunPlugin(plugin://script.module.liptonscrapers/?mode=enableDisableScrapers&amp;folder=en_Torrent&amp;open_id=1.5)" option="close" />
	<setting label="Foreighn Providers" type="action" action="RunPlugin(plugin://script.module.liptonscrapers/?mode=enableDisableScrapers&amp;folder=foreighn&amp;open_id=0.6)" option="close" />
    </category>
    <category label="Host Providers">
	<setting label="Manual Settings" type="lsep" />
        <setting label="Host Providers" type="action" action="RunPlugin(plugin://script.module.liptonscrapers/?mode=enableDisableScrapers&amp;folder=en&amp;open_id=2.1)" option="close" />	
       <setting type="sep" />
       <setting label="Auto Settings" type="lsep" />
       <setting label="Enable All Host Providers" type="action" action="RunPlugin(plugin://script.module.liptonscrapers/?mode=toggleAll&amp;folder=en&amp;setting=true&amp;open_id=2.2)" option="close" />
        <setting label="Disable All Host Providers" type="action" action="RunPlugin(plugin://script.module.liptonscrapers/?mode=toggleAll&amp;folder=en&amp;setting=false&amp;open_id=2.3)" option="close" />
    </category>
    <category label="Debrid Providers">
	<setting label="Manual Settings" type="lsep" />
        <setting label="Debrid Providers" type="action" action="RunPlugin(plugin://script.module.liptonscrapers/?mode=enableDisableScrapers&amp;folder=en_DebridOnly&amp;open_id=4.1)" option="close" />	
       <setting type="sep" />
       <setting label="Auto Settings" type="lsep" />
       <setting label="Enable All Debrid Providers" type="action" action="RunPlugin(plugin://script.module.liptonscrapers/?mode=toggleAll&amp;folder=en_DebridOnly&amp;setting=true&amp;open_id=4.2)" option="close" />
        <setting label="Disable All Debrid Providers" type="action" action="RunPlugin(plugin://script.module.liptonscrapers/?mode=toggleAll&amp;folder=en_DebridOnly&amp;setting=false&amp;open_id=4.3)" option="close" />
    </category>
    <category label="Torrent Providers">
	<setting label="Manual Settings" type="lsep" />
        <setting label="Torrent Providers" type="action" action="RunPlugin(plugin://script.module.liptonscrapers/?mode=enableDisableScrapers&amp;folder=en_Torrent&amp;open_id=5.1)" option="close" />	
       <setting type="sep" />
       <setting label="Auto Settings" type="lsep" />
       <setting label="Enable All Torrent Providers" type="action" action="RunPlugin(plugin://script.module.liptonscrapers/?mode=toggleAll&amp;folder=en_Torrent&amp;setting=true&amp;open_id=5.2)" option="close" />
        <setting label="Disable All Torrent Providers" type="action" action="RunPlugin(plugin://script.module.liptonscrapers/?mode=toggleAll&amp;folder=en_Torrent&amp;setting=false&amp;open_id=5.3)" option="close" />
    </category>
    <category label="Foreign Providers">
	<setting label="Manual Settings" type="lsep" />
        <setting label="Foreighn Providers" type="action" action="RunPlugin(plugin://script.module.liptonscrapers/?mode=enableDisableScrapers&amp;folder=foreighn&amp;open_id=6.1)" option="close" />	
       <setting type="sep" />
       <setting label="Auto Settings" type="lsep" />
       <setting label="Enable All Foreighn Providers" type="action" action="RunPlugin(plugin://script.module.liptonscrapers/?mode=toggleAll&amp;folder=foreighn&amp;setting=true&amp;open_id=6.2)" option="close" />
        <setting label="Disable All Foreighn Providers" type="action" action="RunPlugin(plugin://script.module.liptonscrapers/?mode=toggleAll&amp;folder=foreighn&amp;setting=false&amp;open_id=6.3)" option="close" />	
    </category>
</settings>
