<?xml version="1.0"?>
<addon id="plugin.video.venom" name="[COLOR red]Venom[/COLOR]" provider-name="Venom" version="4.3.7">
	<requires>
		<import addon="xbmc.python" version="2.19.0"/>
		<import addon="context.venom" version="1.0.0"/>
		<import addon="script.module.myaccounts" version="1.0.0"/>
		<import addon="script.module.fenomscrapers" version="1.0.0"/>
		<import addon="script.module.requests" version="2.19.1"/>
		<import addon="script.module.beautifulsoup4" version="4.5.3"/>
		<import addon="script.module.metahandler" version="2.9.0"/>
		<import addon="plugin.video.youtube" version="6.2.0"/>
		<import addon="script.module.addon.signals" version="0.0.3"/>
	</requires>
	<extension library="venom.py" point="xbmc.python.pluginsource">
		<provides>video</provides>
	</extension>
	<extension library="service.py" point="xbmc.service" start="startup"/>
	<extension library="resources/lib/" point="xbmc.python.module"/> 
	<extension point="xbmc.addon.metadata">
		<reuselanguageinvoker>true</reuselanguageinvoker>
		<summary lang="en">[B][COLOR red]Venom[/COLOR][/B] - We do not host any of the contents streamed</summary>
		<description lang="en">[B][COLOR red]Venom[/COLOR][/B][CR] This addon does not form part of the Kodi Media Centre. Please do not seek assistance with this addon from any of the Official Kodi Support Channels.[CR]The author does not host any of the content in this addon and takes no responsibility for content found</description>
		<platform>all</platform>
		<license>GNU GENERAL PUBLIC LICENSE. Version 3, 29 June 2007</license>
		<forum/>
		<website>https://github.com/123Venom/plugin.video.venom</website>
		<source>https://github.com/123Venom/plugin.video.venom</source>
		<disclaimer lang="en">The author of this addon do not host any of the content which is found and have no affiliation with any of the content providers. This addon simply searches websites for content. Use at your own risk!</disclaimer>
		<assets>
			<icon>icon.png</icon>
			<fanart>fanart.jpg</fanart>
			<screenshot>resources/screenshots/screenshot001.jpg</screenshot>
			<screenshot>resources/screenshots/screenshot002.jpg</screenshot>
			<screenshot>resources/screenshots/screenshot003.jpg</screenshot>
		</assets>
		<news>
[B][COLOR red]Update - v4.3.7 - Jan. 23, 2021[/COLOR][/B]
[COLOR yellow]--[/COLOR][I] Changed scraper timeout to default 60secs. Should help
    resolve issue with slower devices returning
    "no sources".[/I]
[COLOR yellow]--[/COLOR][I] Venom logging now has new option "log Level". You can
    now set this for "Normal" or "Debug(Extra Info)".  Normal
    will only log code errors while Debug will log additional
    Info I may require to trace bugs.[/I]
[COLOR yellow]--[/COLOR][I] Background progress dialog was hidden under some
    configurations, this is now fixed.[/I]
[COLOR yellow]--[/COLOR][I] VERY important you read the "News and Info!!" of possible
    coming changes for end of March that will effect many
    exo fork users.[/I]
		</news>
	</extension>
</addon>
