<?xml version="1.0" encoding="utf-8" standalone="yes"?>
<addon id="plugin.video.spotify.mod" name="Spotify Mod" version="1.5" provider-name="frenchdj">
	<requires>
		<import addon="xbmc.python" version="2.24.0"/>
		<import addon="plugin.video.youtube" version="6.1.0"/>
	</requires>
	<extension point="xbmc.python.pluginsource" library="default.py">
		<provides>video</provides>
	</extension>
	<extension point="xbmc.addon.metadata">
		<summary lang="en">Play Music via Youtube</summary>
		<description lang="en">Choose Music from spotify and play it via Youtube.
This plugin is a fork from the spotify part of realvito spotitube addon.</description>
		<language/>
		<platform>all</platform>
		<license>GNU GENERAL PUBLIC LICENSE. Version 3, June 2007</license>
		<website/>
		<email/>
		<assets>
			<icon>icon.png</icon>
			<fanart>fanart.jpg</fanart>
		</assets>
	</extension>
</addon>
