<?xml version="1.0" encoding="UTF-8" standalone="yes"?>
<addon id="script.module.cloudscraper" name="CloudScraper2" version="1.2.44" provider-name="venomous">
  <requires>
    <!-- <import addon="xbmc.python" version="3.0.0"/> -->
    <import addon="script.module.requests"/>
  </requires>
  <extension point="xbmc.python.module" library="lib"/>
  <extension point="xbmc.python.pluginsource" library="lib"/>
  <extension point="xbmc.addon.metadata">
    <summary lang="en_gb">cloudscraper</summary>
    <description lang="en_gb">cloudscraper</description>
    <disclaimer lang="en_gb"/>
    <language/>
    <platform>all</platform>
    <license/>
    <forum/>
    <website/>
    <email/>
    <source/>
  </extension>
</addon>
