
{"cable": [

    {"title": "A&E",
    "description": "A&E is an American digital cable and satellite television network that serves as the flagship television property of A&E Networks, a joint venture between the Hearst Corporation and Disney-ABC Television Group subsidiary of the Walt Disney Company.",
    "poster": "http://users.rowan.edu/~deboni59/ae.jpg"
    },

    {"title": "ABC",
    "description": "The ABC (American Broadcasting Company) is an American commercial broadcast television network formerly as radio network on 1943, and purchased by Disney in 1996.",
    "poster": "https://2.bp.blogspot.com/_6kYzhJGqq2M/TGpoVXng50I/AAAAAAAAFGM/JkJMfrJH43w/s340/ABC-TV+Logo.png"
    },

    {"title": "AMC",
    "description": "AMC is an American basic cable and satellite television channel that is owned by AMC Networks. The channel's programming, similar to that of FXM, primarily consists of theatrically released films, along with a limited amount of original programming.",
    "poster": "https://www.countdownuntilchristmas.com/wp-content/uploads/2011/11/amc-christmas-tv-schedule.jpg"
    },

    {"title": "Animal Planet",
    "description": "Animal Planet is a American basic television channel launched on 1996 and owned by Discovery, its programming focused on or relating to animals. ",
    "poster": "https://image.flaticon.com/icons/svg/870/870884.svg"
    },

    {"title": "BBC America",
    "description": "BBC America is an American pay television network that is jointly owned by BBC Studios and AMC Networks. Unlike the BBC's domestic channels in the United Kingdom, BBC America does not receive funding from the British licence fee, as the BBC cannot fund any of its channels that are available outside the United Kingdom.",
    "poster": "https://images.amcnetworks.com/bbcamerica.com/wp-content/uploads/2012/06/bbc_logo_1280x720.jpg"
    },

    {"title": "Bravo Tv",
    "description": "Bravo is an American cable and satellite television network, launched on December 1, 1980. It is a program service operated by NBCUniversal Cable Entertainment, which is owned by NBCUniversal, a subsidiary of Comcast and headquartered in the Comcast Building in New York City. The channel originally focused on programming related to fine arts and film; it currently broadcasts several reality television series targeted at 25-54 year-old women as well as the LGBT community, along with acquired and original dramas, and mainstream theatrically released feature films.",
    "poster": "https://lh3.googleusercontent.com/O4nIoUc3sx6ptsei6gBpI79cKFEkDIGd78jme_zJVvrkSkMf7EAFBLMoIhNmOdnKrWM"
    },

    {"title": "CBS",
    "description": "CBS is an American commercial broadcast television network, which origins date back to 1927, the name is derived from the initials of the former name, Columbia Broadcasting System.",
    "poster": "https://s3-eu-central-1.amazonaws.com/centaur-wp/creativereview/prod/content/uploads/2011/03/eye-logo.jpg"
    },

    {"title": "CNBC",
    "description": "Get latest business news on stock markets, financial & earnings on CNBC. View world markets streaming charts & video; check stock tickers and quotes.",
    "poster": "https://yt3.ggpht.com/a-/ACSszfH8rA3rTz9usnXAFhr4VQ5Khp2lD-NXpCMPEQ=s900-mo-c-c0xffffffff-rj-k-no"
    },

    {"title": "Comedy Central",
    "description": "Comedy Central is an American basic television channel carries comedy programming launched in 1989. Comedy Central is owned by MTV Networks Entertainment Group, a division of Viacom.",
    "poster": "https://upload.wikimedia.org/wikipedia/en/thumb/3/34/Comedy_Central_UK.svg/646px-Comedy_Central_UK.svg.png"
    },

    {"title": "Discovery Channel",
    "description": "Discovery Communications is an American mass media company that started as Discovery channel in 1985.",
    "poster": "https://i.ytimg.com/vi/WAQql2bob2Y/hqdefault.jpg"
    },

    {"title": "ESPN",
    "description": "Launched in 1979, ESPN is a US-based global cable and satellite television channel that focuses on sports-related programming, it is a joint venture between the Walt Disney and Hearst Corporation. ",
    "poster": "https://yt3.ggpht.com/-yOoKXdob9y8/AAAAAAAAAAI/AAAAAAAAAAA/O9ATiv9wGJ0/s900-c-k-no-mo-rj-c0xffffff/photo.jpg"
    },

    {"title": "Fox",
    "description": "The Fox is an American commercial broadcast television network launched in 1986, is now the worlds third largest major network, a division of 21st Century Fox.",
    "poster": "https://www.animationmagazine.net/wordpress/wp-content/uploads/fox-tv-post.jpg"
    },

    {"title": "FOX 43 WMPT",
    "description": "WPMT, virtual channel 43, is a Fox-affiliated television station licensed to York, Pennsylvania, United States and serving the Susquehanna Valley region. The station is owned by the Tribune Broadcasting subsidiary of the Tribune Media Company.",
    "poster": "https://tribwpmt.files.wordpress.com/2012/12/wpmt-fox43-logo.jpg"
    },

    {"title": "Fox News",
    "description": "Fox News is an American basic cable and satellite news entertainment television channel owned by the Fox Entertainment Group, a subsidiary of 21st Century Fox.",
    "poster": "https://www.arconaitv.us/uploads/streams/593484deaa5b2_foxnews.jpg"
    },

    {"title": "Freeform",
    "description": "Freeform is an American basic cable and satellite television channel that is owned by the Disney-ABC Television Group division of The Walt Disney Company. Freeform primarily broadcasts programming aimed towards teenagers and young adults - with some programming skewing towards young women ? in the 14-34 age range, a target demographic designated by the channel as \"becomers\". Its programming includes contemporary off-network syndicated reruns and original series, feature films, and made-for-TV original movies.",
    "poster": "https://www.underconsideration.com/brandnew/archives/freeform_2018_logo_stacked.png"
    },

    {"title": "FX",
    "description": "FX is an American basic cable and satellite television channel launched on June 1, 1994, based in Los Angeles.",
    "poster": "https://yt3.ggpht.com/a-/AAuE7mALDQaDxmjUbsfcwfP6YI2alrzCd2sbts-TQw=s900-mo-c-c0xffffffff-rj-k-no"
    },

    {"title": "MavTV",
    "description": "MAVTV is an American cable and satellite television channel owned by the automotive lubricant company Lucas Oil, a ubiquitous presence in the motorsports world, which mainly airs programming focused around motorsports and programming for automotive enthusiasts. Bob Patison serves as the network's president.",
    "poster": "https://yt3.ggpht.com/a-/AAuE7mA2lWpGxXh_G9mght31D6YmcRLwr6Go4ejchA=s900-mo-c-c0xffffffff-rj-k-no"
    },

    {"title": "MSNBC",
    "description": "MSNBC is an American pay television network that provides news coverage and political commentary from NBC News on current events. MSNBC is owned by the NBCUniversal News Group, a unit of the NBCUniversal Television Group division of NBCUniversal.",
    "poster": "https://upload.wikimedia.org/wikipedia/commons/7/74/MSNBC_logo.png"
    },

    {"title": "NASA HD",
    "description": "The network was formally created in the early 1980s to provide NASA managers and engineers with real-time video of missions. NASA has operated a television service since the beginning of the space program for archival purposes, and in order to provide media outlets with video footage.",
    "poster": "https://pbs.twimg.com/profile_images/67630775/button_meatball.png"
    },

    {"title": "National Geographic",
    "description": "The National Geographic Societys poster is a yellow rectangular frame, which appears on its magazines and its television channel.",
    "poster": "https://image.flaticon.com/icons/png/512/826/826340.png"
    },

    {"title": "NBC",
    "description": "The NBC (National Broadcasting Company) is an American major broadcast television and radio network, formerly as Radio Corporation of America (RCA) in 1926.",
    "poster": "http://noisebreak.com/wp-content/uploads/2017/05/nbc.jpg"
    },

    {"title": "Nickelodeon",
    "description": "Nickelodeon is an American basic cable and satellite television network launched on December 1, 1977, and is owned by Viacom through Viacom Media Networks and based in New York City.",
    "poster": "https://cloudimages.broadwayworld.com/tvnetworklogos/14A520B9-C1A3-ED0B-9AB1E4DAC880B252.jpg"
    },

    {"title": "PBS",
    "description": "The Public Broadcasting Service (PBS) is an American public broadcaster and television program distributor.[2] Headquartered in Arlington, Virginia, PBS is an independently operated non-profit organization and is the most prominent provider of television programming to public television stations in the United States.",
    "poster": "https://yt3.ggpht.com/-8meSrLqfKbk/AAAAAAAAAAI/AAAAAAAAAAA/QnZgC6Vhlgc/s900-c-k-no/photo.jpg"
    },

    {"title": "Spike TV",
    "description": "Spike is an American cable and satellite channel launched on Marconaih 7, 1983, owned by Viacom through Viacom Media Networks and based in Los Angeles, California",
    "poster": "https://pbs.twimg.com/profile_images/2026465794/spikelogo.jpg"
    },

    {"title": "Sundance TV",
    "description": "Sundance TV is an American digital cable and satellite television network that is owned by AMC Networks.",
    "poster": "http://i0.wp.com/tvseriesfinale.com/wp-content/uploads/2015/10/sundance03.png"
    },

    {"title": "SYFY",
    "description": "Launched in 1992, Syfy (formerly Sci-Fi Channel and SF) is an American basic cable and satellite television channel that features science fiction, drama, supernatural, fantasy, reality, paranormal, wrestling, and horror programming.",
    "poster": "https://pmcdeadline2.files.wordpress.com/2017/08/syfy_2017_logo_stacked.png"
    },

    {"title": "The CW",
    "description": "Launched in 2006, The CW is an American broadcast television network, a limited liability joint venture between CBS and Warner Bros.. The CW name is derived from the first letters of the names of these corporations.",
    "poster": "https://www.robertfeder.com/wp-content/uploads/2016/05/The-CW.png"
    },

    {"title": "TLC",
    "description": "TLC is an American basic cable and satellite television network that is owned by Discovery Communications.",
    "poster": "https://kodi.tv/sites/default/files/styles/medium_crop/public/addon_assets/plugin.video.tlc_de/icon/icon.png?itok=R05hoMwF"
    },

    {"title": "Universal Channel",
    "description": "Universal Channel is a television channel specializing in movies and television series in the thriller, drama, comedy, horror, crime and investigation genres, owned by Universal Networks International",
    "poster": "https://2.bp.blogspot.com/-Po7-hVGs63M/UYqzoX9PfxI/AAAAAAAAZiA/UKvAAFAN4dk/s1600/Universal+Channel+logo+2013.png"
    },

    {"title": "USA Network",
    "description": "USA Network is an American basic cable and satellite television channel that is owned by the NBCUniversal Cable Entertainment Group division of NBCUniversal, itself a subsidiary of Comcast.",
    "poster": "https://image.flaticon.com/icons/png/512/826/826360.png"
    }

]}


